organization_identifier.x,organization_name.x,organization_type_text.x,action_identifier,action_name.x,actionAgencyCode.x,action_type_code.x,action_status_code.x,completion_date.x,organization_id.x,asessment_unit_identifier,pollutant_name,pollutant_source_type_code,explicit_margin_of_safety_text,implicit_margin_of_safety_text,load_allocation_numeric,load_allocation_units_text,TMDL_end_point_text,TMDL_date.x,water_type_code,organization_identifier.y,organization_name.y,organization_type_text.y,action_name.y,actionAgencyCode.y,action_type_code.y,action_status_code.y,completion_date.y,organization_id.y,documentAgencyCode,document_type_code,document_file_type,document_file_name,document_name,document_comments,document_url,TMDL_date.y,indian_country_indicator.y,parameters_name,,empirical_model,watershed_model,lake_model,surface_area,watershed_area,volume ,shoreline
OKDEQ,Oklahoma,State,OK121600010200_00_TMDL_DO,"Fort Gibson Lake, Upper TMDL for Dissolved Oxygen",S,TMDL,EPA Final Action,7/10/2023,OKDEQ,OK121600010200_00,DISSOLVED OXYGEN,Both,NA,Implicit,NA,NA,NA,7/10/2023,"LAKE, FRESHWATER",OKDEQ,Oklahoma,State,"Fort Gibson Lake, Upper TMDL for Dissolved Oxygen",S,TMDL,EPA Final Action,7/10/2023,OKDEQ,S,TMDL Report,application/pdf,FinalFtGibsonTMDL(EPA_July2023)_revised.pdf,TMDL Report,NA,https://attains.epa.gov/attains-public/api/documents/actions/OKDEQ/OK121600010200_00_TMDL_DO/212592,7/10/2023,NA,"PHOSPHORUS, TOTAL",,,HSPF,EFDC,"19,900",8282880,365200,225
OKDEQ,Oklahoma,State,OK121600010200_00_TMDL_DO,"Fort Gibson Lake, Upper TMDL for Dissolved Oxygen",S,TMDL,EPA Final Action,7/10/2023,OKDEQ,OK121600010200_00,DISSOLVED OXYGEN,Both,NA,Implicit,NA,NA,NA,7/10/2023,"LAKE, FRESHWATER",OKDEQ,Oklahoma,State,"Fort Gibson Lake, Upper TMDL for Dissolved Oxygen",S,TMDL,EPA Final Action,7/10/2023,OKDEQ,S,TMDL Report,application/pdf,FinalFtGibsonTMDL(EPA_July2023)_revised.pdf,TMDL Report,NA,https://attains.epa.gov/attains-public/api/documents/actions/OKDEQ/OK121600010200_00_TMDL_DO/212592,7/10/2023,NA,"NITROGEN, TOTAL",,,HSPF,EFDC,"19,900",8282880,365200,225
OKDEQ,Oklahoma,State,OK121600010200_00_TMDL_DO,"Fort Gibson Lake, Upper TMDL for Dissolved Oxygen",S,TMDL,EPA Final Action,7/10/2023,OKDEQ,OK121600010200_00,DISSOLVED OXYGEN,Both,NA,Implicit,NA,NA,NA,7/10/2023,"LAKE, FRESHWATER",OKDEQ,Oklahoma,State,"Fort Gibson Lake, Upper TMDL for Dissolved Oxygen",S,TMDL,EPA Final Action,7/10/2023,OKDEQ,S,TMDL Report,application/pdf,FinalFtGibsonTMDL(EPA_July2023)_revised.pdf,TMDL Report,NA,https://attains.epa.gov/attains-public/api/documents/actions/OKDEQ/OK121600010200_00_TMDL_DO/212592,7/10/2023,NA,TOTAL ORGANIC CARBON (TOC),,,HSPF,EFDC,"19,900",8282880,365200,225
OKDEQ,Oklahoma,State,OK121510010020_00_TMDL_DO_Turbidity,Oologah Lake TMDL for DO and Turbidity,S,TMDL,EPA Final Action,1/24/2024,OKDEQ,OK121510010020_00,TURBIDITY,Both,NA,NA,NA,NA,NA,1/24/2024,"LAKE, FRESHWATER",OKDEQ,Oklahoma,State,Oologah Lake TMDL for DO and Turbidity,S,TMDL,EPA Final Action,1/24/2024,OKDEQ,S,TMDL Report,application/pdf,Lake Oologah TMDL Final.pdf,TMDL Report,NA,https://attains.epa.gov/attains-public/api/documents/actions/OKDEQ/OK121510010020_00_TMDL_DO_Turbidity/217310,1/24/2024,NA,TOTAL SUSPENDED SOLIDS (TSS),,,HSPF,EFDC,"29,460",2776960,457160,180
OKDEQ,Oklahoma,State,OK121510010020_00_TMDL_DO_Turbidity,Oologah Lake TMDL for DO and Turbidity,S,TMDL,EPA Final Action,1/24/2024,OKDEQ,OK121510010020_00,TURBIDITY,Both,NA,NA,NA,NA,NA,1/24/2024,"LAKE, FRESHWATER",OKDEQ,Oklahoma,State,Oologah Lake TMDL for DO and Turbidity,S,TMDL,EPA Final Action,1/24/2024,OKDEQ,S,TMDL Report,application/pdf,Lake Oologah TMDL Final.pdf,TMDL Report,NA,https://attains.epa.gov/attains-public/api/documents/actions/OKDEQ/OK121510010020_00_TMDL_DO_Turbidity/217310,1/24/2024,NA,"PHOSPHORUS, TOTAL",,,HSPF,EFDC,"29,460",2776960,457160,180
OKDEQ,Oklahoma,State,OK121510010020_00_TMDL_DO_Turbidity,Oologah Lake TMDL for DO and Turbidity,S,TMDL,EPA Final Action,1/24/2024,OKDEQ,OK121510010020_00,TURBIDITY,Both,NA,NA,NA,NA,NA,1/24/2024,"LAKE, FRESHWATER",OKDEQ,Oklahoma,State,Oologah Lake TMDL for DO and Turbidity,S,TMDL,EPA Final Action,1/24/2024,OKDEQ,S,TMDL Report,application/pdf,Lake Oologah TMDL Final.pdf,TMDL Report,NA,https://attains.epa.gov/attains-public/api/documents/actions/OKDEQ/OK121510010020_00_TMDL_DO_Turbidity/217310,1/24/2024,NA,TOTAL ORGANIC CARBON (TOC),,,HSPF,EFDC,"29,460",2776960,457160,180
OKDEQ,Oklahoma,State,OK121510010020_00_TMDL_DO_Turbidity,Oologah Lake TMDL for DO and Turbidity,S,TMDL,EPA Final Action,1/24/2024,OKDEQ,OK121510010020_00,TURBIDITY,Both,NA,NA,NA,NA,NA,1/24/2024,"LAKE, FRESHWATER",OKDEQ,Oklahoma,State,Oologah Lake TMDL for DO and Turbidity,S,TMDL,EPA Final Action,1/24/2024,OKDEQ,S,TMDL Report,application/pdf,Lake Oologah TMDL Final.pdf,TMDL Report,NA,https://attains.epa.gov/attains-public/api/documents/actions/OKDEQ/OK121510010020_00_TMDL_DO_Turbidity/217310,1/24/2024,NA,"NITROGEN, TOTAL",,,HSPF,EFDC,"29,460",2776960,457160,180
OKDEQ,Oklahoma,State,OK121510010020_00_TMDL_DO_Turbidity,Oologah Lake TMDL for DO and Turbidity,S,TMDL,EPA Final Action,1/24/2024,OKDEQ,OK121510010020_00,DISSOLVED OXYGEN,Both,NA,NA,NA,NA,NA,1/24/2024,"LAKE, FRESHWATER",OKDEQ,Oklahoma,State,Oologah Lake TMDL for DO and Turbidity,S,TMDL,EPA Final Action,1/24/2024,OKDEQ,S,TMDL Report,application/pdf,Lake Oologah TMDL Final.pdf,TMDL Report,NA,https://attains.epa.gov/attains-public/api/documents/actions/OKDEQ/OK121510010020_00_TMDL_DO_Turbidity/217310,1/24/2024,NA,TOTAL SUSPENDED SOLIDS (TSS),,,HSPF,EFDC,"29,460",2776960,457160,180
OKDEQ,Oklahoma,State,OK121510010020_00_TMDL_DO_Turbidity,Oologah Lake TMDL for DO and Turbidity,S,TMDL,EPA Final Action,1/24/2024,OKDEQ,OK121510010020_00,DISSOLVED OXYGEN,Both,NA,NA,NA,NA,NA,1/24/2024,"LAKE, FRESHWATER",OKDEQ,Oklahoma,State,Oologah Lake TMDL for DO and Turbidity,S,TMDL,EPA Final Action,1/24/2024,OKDEQ,S,TMDL Report,application/pdf,Lake Oologah TMDL Final.pdf,TMDL Report,NA,https://attains.epa.gov/attains-public/api/documents/actions/OKDEQ/OK121510010020_00_TMDL_DO_Turbidity/217310,1/24/2024,NA,"PHOSPHORUS, TOTAL",,,HSPF,EFDC,"29,460",2776960,457160,180
OKDEQ,Oklahoma,State,OK121510010020_00_TMDL_DO_Turbidity,Oologah Lake TMDL for DO and Turbidity,S,TMDL,EPA Final Action,1/24/2024,OKDEQ,OK121510010020_00,DISSOLVED OXYGEN,Both,NA,NA,NA,NA,NA,1/24/2024,"LAKE, FRESHWATER",OKDEQ,Oklahoma,State,Oologah Lake TMDL for DO and Turbidity,S,TMDL,EPA Final Action,1/24/2024,OKDEQ,S,TMDL Report,application/pdf,Lake Oologah TMDL Final.pdf,TMDL Report,NA,https://attains.epa.gov/attains-public/api/documents/actions/OKDEQ/OK121510010020_00_TMDL_DO_Turbidity/217310,1/24/2024,NA,TOTAL ORGANIC CARBON (TOC),,,HSPF,EFDC,"29,460",2776960,457160,180
OKDEQ,Oklahoma,State,OK121510010020_00_TMDL_DO_Turbidity,Oologah Lake TMDL for DO and Turbidity,S,TMDL,EPA Final Action,1/24/2024,OKDEQ,OK121510010020_00,DISSOLVED OXYGEN,Both,NA,NA,NA,NA,NA,1/24/2024,"LAKE, FRESHWATER",OKDEQ,Oklahoma,State,Oologah Lake TMDL for DO and Turbidity,S,TMDL,EPA Final Action,1/24/2024,OKDEQ,S,TMDL Report,application/pdf,Lake Oologah TMDL Final.pdf,TMDL Report,NA,https://attains.epa.gov/attains-public/api/documents/actions/OKDEQ/OK121510010020_00_TMDL_DO_Turbidity/217310,1/24/2024,NA,"NITROGEN, TOTAL",,,HSPF,EFDC,"29,460",2776960,457160,180
OKDEQ,Oklahoma,State,OK121600010200_00_TMDL_Turbidity,Upper Fort Gibson Lake TMDL for Turbidity,S,TMDL,EPA Final Action,7/10/2023,OKDEQ,OK121600010200_00,TURBIDITY,Both,NA,Implicit,116752.6,KG/DAY,NA,7/10/2023,"LAKE, FRESHWATER",OKDEQ,Oklahoma,State,Upper Fort Gibson Lake TMDL for Turbidity,S,TMDL,EPA Final Action,7/10/2023,OKDEQ,S,TMDL Report,application/pdf,FinalFtGibsonTMDL(EPA_July2023)_revised.pdf,TMDL Report,NA,https://attains.epa.gov/attains-public/api/documents/actions/OKDEQ/OK121600010200_00_TMDL_Turbidity/212613,7/10/2023,NA,TOTAL SUSPENDED SOLIDS (TSS),,,HSPF,EFDC,"19,900",8282880,365200,225
OKDEQ,Oklahoma,State,OK121600010050_00_TMDL_DO,Fort Gibson Lake TMDL for Dissolved Oxygen,S,TMDL,EPA Final Action,7/10/2023,OKDEQ,OK121600010050_00,DISSOLVED OXYGEN,Both,NA,Implicit,NA,NA,NA,7/10/2023,"LAKE, FRESHWATER",OKDEQ,Oklahoma,State,Fort Gibson Lake TMDL for Dissolved Oxygen,S,TMDL,EPA Final Action,7/10/2023,OKDEQ,S,TMDL Report,application/pdf,FinalFtGibsonTMDL(EPA_July2023)_revised.pdf,TMDL Report,NA,https://attains.epa.gov/attains-public/api/documents/actions/OKDEQ/OK121600010050_00_TMDL_DO/212570,7/10/2023,NA,"NITROGEN, TOTAL",,,HSPF,EFDC,"19,900",8282880,365200,225
OKDEQ,Oklahoma,State,OK121600010050_00_TMDL_DO,Fort Gibson Lake TMDL for Dissolved Oxygen,S,TMDL,EPA Final Action,7/10/2023,OKDEQ,OK121600010050_00,DISSOLVED OXYGEN,Both,NA,Implicit,NA,NA,NA,7/10/2023,"LAKE, FRESHWATER",OKDEQ,Oklahoma,State,Fort Gibson Lake TMDL for Dissolved Oxygen,S,TMDL,EPA Final Action,7/10/2023,OKDEQ,S,TMDL Report,application/pdf,FinalFtGibsonTMDL(EPA_July2023)_revised.pdf,TMDL Report,NA,https://attains.epa.gov/attains-public/api/documents/actions/OKDEQ/OK121600010050_00_TMDL_DO/212570,7/10/2023,NA,TOTAL ORGANIC CARBON (TOC),,,HSPF,EFDC,"19,900",8282880,365200,225
OKDEQ,Oklahoma,State,OK121600010050_00_TMDL_DO,Fort Gibson Lake TMDL for Dissolved Oxygen,S,TMDL,EPA Final Action,7/10/2023,OKDEQ,OK121600010050_00,DISSOLVED OXYGEN,Both,NA,Implicit,NA,NA,NA,7/10/2023,"LAKE, FRESHWATER",OKDEQ,Oklahoma,State,Fort Gibson Lake TMDL for Dissolved Oxygen,S,TMDL,EPA Final Action,7/10/2023,OKDEQ,S,TMDL Report,application/pdf,FinalFtGibsonTMDL(EPA_July2023)_revised.pdf,TMDL Report,NA,https://attains.epa.gov/attains-public/api/documents/actions/OKDEQ/OK121600010050_00_TMDL_DO/212570,7/10/2023,NA,"PHOSPHORUS, TOTAL",,,HSPF,EFDC,"19,900",8282880,365200,225
OKDEQ,Oklahoma,State,OK310830060130_00_TMDL_Chl-a,Crowder Lake TMDL for Chlorophyll-a,S,TMDL,EPA Final Action,10/30/2023,OKDEQ,OK310830060130_00,CHLOROPHYLL-A,Both,NA,Implicit,NA,NA,NA,10/30/2023,"LAKE, FRESHWATER",OKDEQ,Oklahoma,State,Crowder Lake TMDL for Chlorophyll-a,S,TMDL,EPA Final Action,10/30/2023,OKDEQ,S,TMDL Report,application/pdf,CrowderTMDL_final.pdf,TMDL Report,NA,https://attains.epa.gov/attains-public/api/documents/actions/OKDEQ/OK310830060130_00_TMDL_Chl-a/214451,10/30/2023,NA,"PHOSPHORUS, TOTAL",,,SWAT,BATHTUB,158,26.8,2094,8
OKDEQ,Oklahoma,State,OK310830060130_00_TMDL_Chl-a,Crowder Lake TMDL for Chlorophyll-a,S,TMDL,EPA Final Action,10/30/2023,OKDEQ,OK310830060130_00,CHLOROPHYLL-A,Both,NA,Implicit,NA,NA,NA,10/30/2023,"LAKE, FRESHWATER",OKDEQ,Oklahoma,State,Crowder Lake TMDL for Chlorophyll-a,S,TMDL,EPA Final Action,10/30/2023,OKDEQ,S,TMDL Report,application/pdf,CrowderTMDL_final.pdf,TMDL Report,NA,https://attains.epa.gov/attains-public/api/documents/actions/OKDEQ/OK310830060130_00_TMDL_Chl-a/214451,10/30/2023,NA,"NITROGEN, TOTAL",,,SWAT,BATHTUB,158,26.8,2094,8
21FL303D,Florida,State,FL68604,"Nutrient TMDL for Lake Haines, Lake Rochelle, and Lake Conine",S,TMDL,EPA Final Action,12/4/2019,21FL303D,FL1488B,"NITROGEN, TOTAL",Both,NA,NA,32,%,NA,1/27/2020,"LAKE, FRESHWATER",21FL303D,Florida,State,"Nutrient TMDL for Lake Haines, Lake Rochelle, and Lake Conine",S,TMDL,EPA Final Action,12/4/2019,21FL303D,S,TMDL Report,application/pdf,whnchainlakes_nuttmdl_Final_Aug2018.pdf,"Lakes Haines, Rochelle and Conine TMDL",NA,https://attains.epa.gov/attains-public/api/documents/actions/21FL303D/FL68604/196513,1/27/2020,NA,TROPHIC STATE INDEX (TSI),,Multiple Regression,,,523,1205,6758,
21FL303D,Florida,State,FL68604,"Nutrient TMDL for Lake Haines, Lake Rochelle, and Lake Conine",S,TMDL,EPA Final Action,12/4/2019,21FL303D,FL1488C,"NITROGEN, TOTAL",Both,NA,NA,33,%,NA,1/27/2020,"LAKE, FRESHWATER",21FL303D,Florida,State,"Nutrient TMDL for Lake Haines, Lake Rochelle, and Lake Conine",S,TMDL,EPA Final Action,12/4/2019,21FL303D,S,TMDL Report,application/pdf,whnchainlakes_nuttmdl_Final_Aug2018.pdf,"Lakes Haines, Rochelle and Conine TMDL",NA,https://attains.epa.gov/attains-public/api/documents/actions/21FL303D/FL68604/196513,1/27/2020,NA,TROPHIC STATE INDEX (TSI),,Multiple Regression,,,718,4589,7104,
21FL303D,Florida,State,FL68604,"Nutrient TMDL for Lake Haines, Lake Rochelle, and Lake Conine",S,TMDL,EPA Final Action,12/4/2019,21FL303D,FL1488U,"PHOSPHORUS, TOTAL",Both,NA,NA,57,%,NA,1/27/2020,"LAKE, FRESHWATER",21FL303D,Florida,State,"Nutrient TMDL for Lake Haines, Lake Rochelle, and Lake Conine",S,TMDL,EPA Final Action,12/4/2019,21FL303D,S,TMDL Report,application/pdf,whnchainlakes_nuttmdl_Final_Aug2018.pdf,"Lakes Haines, Rochelle and Conine TMDL",NA,https://attains.epa.gov/attains-public/api/documents/actions/21FL303D/FL68604/196513,1/27/2020,NA,TROPHIC STATE INDEX (TSI),,Multiple Regression,,,213,589,1928,
21FL303D,Florida,State,FL68604,"Nutrient TMDL for Lake Haines, Lake Rochelle, and Lake Conine",S,TMDL,EPA Final Action,12/4/2019,21FL303D,FL1488U,"NITROGEN, TOTAL",Both,NA,NA,36,%,NA,1/27/2020,"LAKE, FRESHWATER",21FL303D,Florida,State,"Nutrient TMDL for Lake Haines, Lake Rochelle, and Lake Conine",S,TMDL,EPA Final Action,12/4/2019,21FL303D,S,TMDL Report,application/pdf,whnchainlakes_nuttmdl_Final_Aug2018.pdf,"Lakes Haines, Rochelle and Conine TMDL",NA,https://attains.epa.gov/attains-public/api/documents/actions/21FL303D/FL68604/196513,1/27/2020,NA,TROPHIC STATE INDEX (TSI),,Multiple Regression,,,213,589,1928,
21FL303D,Florida,State,FL68605,"Nutrient TMDL for Lake Alfred, Lake Blue, and Lake Marianna",S,TMDL,EPA Final Action,1/31/2020,21FL303D,FL1521L,"NITROGEN, TOTAL",Nonpoint source,NA,NA,44,%,NA,3/20/2020,"LAKE, FRESHWATER",21FL303D,Florida,State,"Nutrient TMDL for Lake Alfred, Lake Blue, and Lake Marianna",S,TMDL,EPA Final Action,1/31/2020,21FL303D,S,TMDL Report,application/pdf,AlfredBlueMarianna_nuttmdl_Final_Aug2018.pdf,"Lakes Alfred, Blue and Marianna TMDL",NA,https://attains.epa.gov/attains-public/api/documents/actions/21FL303D/FL68605/196515,3/20/2020,NA,TROPHIC STATE INDEX (TSI),,Multiple Regression,,,508,1938,,
21FL303D,Florida,State,FL68605,"Nutrient TMDL for Lake Alfred, Lake Blue, and Lake Marianna",S,TMDL,EPA Final Action,1/31/2020,21FL303D,FL1521Q,"NITROGEN, TOTAL",Nonpoint source,NA,NA,66,%,NA,3/20/2020,"LAKE, FRESHWATER",21FL303D,Florida,State,"Nutrient TMDL for Lake Alfred, Lake Blue, and Lake Marianna",S,TMDL,EPA Final Action,1/31/2020,21FL303D,S,TMDL Report,application/pdf,AlfredBlueMarianna_nuttmdl_Final_Aug2018.pdf,"Lakes Alfred, Blue and Marianna TMDL",NA,https://attains.epa.gov/attains-public/api/documents/actions/21FL303D/FL68605/196515,3/20/2020,NA,TROPHIC STATE INDEX (TSI),,Multiple Regression,,,53,179,,
21FL303D,Florida,State,FL68605,"Nutrient TMDL for Lake Alfred, Lake Blue, and Lake Marianna",S,TMDL,EPA Final Action,1/31/2020,21FL303D,FL1521Q,"PHOSPHORUS, TOTAL",Nonpoint source,NA,NA,67,%,NA,3/20/2020,"LAKE, FRESHWATER",21FL303D,Florida,State,"Nutrient TMDL for Lake Alfred, Lake Blue, and Lake Marianna",S,TMDL,EPA Final Action,1/31/2020,21FL303D,S,TMDL Report,application/pdf,AlfredBlueMarianna_nuttmdl_Final_Aug2018.pdf,"Lakes Alfred, Blue and Marianna TMDL",NA,https://attains.epa.gov/attains-public/api/documents/actions/21FL303D/FL68605/196515,3/20/2020,NA,TROPHIC STATE INDEX (TSI),,Multiple Regression,,,53,179,,
21FL303D,Florida,State,FL68605,"Nutrient TMDL for Lake Alfred, Lake Blue, and Lake Marianna",S,TMDL,EPA Final Action,1/31/2020,21FL303D,FL1488D,"NITROGEN, TOTAL",Nonpoint source,NA,NA,16,%,NA,3/20/2020,"LAKE, FRESHWATER",21FL303D,Florida,State,"Nutrient TMDL for Lake Alfred, Lake Blue, and Lake Marianna",S,TMDL,EPA Final Action,1/31/2020,21FL303D,S,TMDL Report,application/pdf,AlfredBlueMarianna_nuttmdl_Final_Aug2018.pdf,"Lakes Alfred, Blue and Marianna TMDL",NA,https://attains.epa.gov/attains-public/api/documents/actions/21FL303D/FL68605/196515,3/20/2020,NA,TROPHIC STATE INDEX (TSI),,Multiple Regression,,,726,1619,,
21FL303D,Florida,State,FL68606,Nutrient TMDL for Lake Ariana and Eagle Lake,S,TMDL,EPA Final Action,12/4/2019,21FL303D,FL1623M,"NITROGEN, TOTAL",Both,NA,NA,38,%,NA,2/20/2020,"LAKE, FRESHWATER",21FL303D,Florida,State,Nutrient TMDL for Lake Ariana and Eagle Lake,S,TMDL,EPA Final Action,12/4/2019,21FL303D,S,TMDL Report,application/pdf,ArianaEagle_Final_Aug2018.pdf,Lake Ariana and Eagle Lake TMDL,NA,https://attains.epa.gov/attains-public/api/documents/actions/21FL303D/FL68606/196517,2/20/2020,NA,TROPHIC STATE INDEX (TSI),,Multiple Regression,,,647,1551,,
21FL303D,Florida,State,FL68606,Nutrient TMDL for Lake Ariana and Eagle Lake,S,TMDL,EPA Final Action,12/4/2019,21FL303D,FL1623M,"PHOSPHORUS, TOTAL",Both,NA,NA,50,%,NA,2/20/2020,"LAKE, FRESHWATER",21FL303D,Florida,State,Nutrient TMDL for Lake Ariana and Eagle Lake,S,TMDL,EPA Final Action,12/4/2019,21FL303D,S,TMDL Report,application/pdf,ArianaEagle_Final_Aug2018.pdf,Lake Ariana and Eagle Lake TMDL,NA,https://attains.epa.gov/attains-public/api/documents/actions/21FL303D/FL68606/196517,2/20/2020,NA,TROPHIC STATE INDEX (TSI),,Multiple Regression,,,647,1551,,
21FL303D,Florida,State,FL68606,Nutrient TMDL for Lake Ariana and Eagle Lake,S,TMDL,EPA Final Action,12/4/2019,21FL303D,FL1501B,"NITROGEN, TOTAL",Both,NA,NA,36,%,NA,2/20/2020,"LAKE, FRESHWATER",21FL303D,Florida,State,Nutrient TMDL for Lake Ariana and Eagle Lake,S,TMDL,EPA Final Action,12/4/2019,21FL303D,S,TMDL Report,application/pdf,ArianaEagle_Final_Aug2018.pdf,Lake Ariana and Eagle Lake TMDL,NA,https://attains.epa.gov/attains-public/api/documents/actions/21FL303D/FL68606/196517,2/20/2020,NA,TROPHIC STATE INDEX (TSI),,Multiple Regression,,,1030,4742,,
21FL303D,Florida,State,FL68607,Nutrient TMDL for Lake Persimmon,S,TMDL,EPA Final Action,12/4/2019,21FL303D,FL1938E,"NITROGEN, TOTAL",Nonpoint source,NA,NA,42,%,NA,2/18/2020,"LAKE, FRESHWATER",21FL303D,Florida,State,Nutrient TMDL for Lake Persimmon,S,TMDL,EPA Final Action,12/4/2019,21FL303D,S,TMDL Report,application/pdf,Lake_Persimmon_Nutrient_TMDLs_Final.pdf,Lake Persimmon TMDL,NA,https://attains.epa.gov/attains-public/api/documents/actions/21FL303D/FL68607/196503,2/18/2020,NA,TROPHIC STATE INDEX (TSI),,,HSPF,,49,173,,
21FL303D,Florida,State,FL68607,Nutrient TMDL for Lake Persimmon,S,TMDL,EPA Final Action,12/4/2019,21FL303D,FL1938E,"PHOSPHORUS, TOTAL",Nonpoint source,NA,NA,51,%,NA,2/18/2020,"LAKE, FRESHWATER",21FL303D,Florida,State,Nutrient TMDL for Lake Persimmon,S,TMDL,EPA Final Action,12/4/2019,21FL303D,S,TMDL Report,application/pdf,Lake_Persimmon_Nutrient_TMDLs_Final.pdf,Lake Persimmon TMDL,NA,https://attains.epa.gov/attains-public/api/documents/actions/21FL303D/FL68607/196503,2/18/2020,NA,TROPHIC STATE INDEX (TSI),,,HSPF,,49,173,,
21FL303D,Florida,State,FL67540,Lake Talquin Nutrient Total Maximum Daily Load,S,TMDL,EPA Final Action,7/13/2022,21FL303D,FL1297Z,"NITROGEN, TOTAL",Both,NA,NA,NA,NA,NA,8/26/2022,"LAKE, FRESHWATER",21FL303D,Florida,State,Lake Talquin Nutrient Total Maximum Daily Load,S,TMDL,EPA Final Action,7/13/2022,21FL303D,S,TMDL Report,application/pdf,Lake Talquin TMDL.pdf,Lake Talquin Nutrients TMDL,NA,https://attains.epa.gov/attains-public/api/documents/actions/21FL303D/FL67540/208176,8/26/2022,NA,CHLOROPHYLL-A,,,LSPC,"WASP, EFDC",8127,1004108.8,,
21FL303D,Florida,State,FL67540,Lake Talquin Nutrient Total Maximum Daily Load,S,TMDL,EPA Final Action,7/13/2022,21FL303D,FL1297Z,"PHOSPHORUS, TOTAL",Both,NA,NA,NA,NA,NA,8/26/2022,"LAKE, FRESHWATER",21FL303D,Florida,State,Lake Talquin Nutrient Total Maximum Daily Load,S,TMDL,EPA Final Action,7/13/2022,21FL303D,S,TMDL Report,application/pdf,Lake Talquin TMDL.pdf,Lake Talquin Nutrients TMDL,NA,https://attains.epa.gov/attains-public/api/documents/actions/21FL303D/FL67540/208176,8/26/2022,NA,CHLOROPHYLL-A,,,LSPC,"WASP, EFDC",8127,1004108.8,,
21FL303D,Florida,State,FL67540,Lake Talquin Nutrient Total Maximum Daily Load,S,TMDL,EPA Final Action,7/13/2022,21FL303D,FL1297X,"NITROGEN, TOTAL",Both,NA,NA,NA,NA,NA,8/26/2022,"LAKE, FRESHWATER",21FL303D,Florida,State,Lake Talquin Nutrient Total Maximum Daily Load,S,TMDL,EPA Final Action,7/13/2022,21FL303D,S,TMDL Report,application/pdf,Lake Talquin TMDL.pdf,Lake Talquin Nutrients TMDL,NA,https://attains.epa.gov/attains-public/api/documents/actions/21FL303D/FL67540/208176,8/26/2022,NA,CHLOROPHYLL-A,,,LSPC,"WASP, EFDC",8127,1004108.8,,
21FL303D,Florida,State,FL67540,Lake Talquin Nutrient Total Maximum Daily Load,S,TMDL,EPA Final Action,7/13/2022,21FL303D,FL1297X,"PHOSPHORUS, TOTAL",Both,NA,NA,NA,NA,NA,8/26/2022,"LAKE, FRESHWATER",21FL303D,Florida,State,Lake Talquin Nutrient Total Maximum Daily Load,S,TMDL,EPA Final Action,7/13/2022,21FL303D,S,TMDL Report,application/pdf,Lake Talquin TMDL.pdf,Lake Talquin Nutrients TMDL,NA,https://attains.epa.gov/attains-public/api/documents/actions/21FL303D/FL67540/208176,8/26/2022,NA,CHLOROPHYLL-A,,,LSPC,"WASP, EFDC",8127,1004108.8,,
21FL303D,Florida,State,FL67540,Lake Talquin Nutrient Total Maximum Daily Load,S,TMDL,EPA Final Action,7/13/2022,21FL303D,FL1297Y,"NITROGEN, TOTAL",Both,NA,NA,NA,NA,NA,8/26/2022,"LAKE, FRESHWATER",21FL303D,Florida,State,Lake Talquin Nutrient Total Maximum Daily Load,S,TMDL,EPA Final Action,7/13/2022,21FL303D,S,TMDL Report,application/pdf,Lake Talquin TMDL.pdf,Lake Talquin Nutrients TMDL,NA,https://attains.epa.gov/attains-public/api/documents/actions/21FL303D/FL67540/208176,8/26/2022,NA,CHLOROPHYLL-A,,,LSPC,"WASP, EFDC",8127,1004108.8,,
21FL303D,Florida,State,FL67540,Lake Talquin Nutrient Total Maximum Daily Load,S,TMDL,EPA Final Action,7/13/2022,21FL303D,FL1297Y,"PHOSPHORUS, TOTAL",Both,NA,NA,NA,NA,NA,8/26/2022,"LAKE, FRESHWATER",21FL303D,Florida,State,Lake Talquin Nutrient Total Maximum Daily Load,S,TMDL,EPA Final Action,7/13/2022,21FL303D,S,TMDL Report,application/pdf,Lake Talquin TMDL.pdf,Lake Talquin Nutrients TMDL,NA,https://attains.epa.gov/attains-public/api/documents/actions/21FL303D/FL67540/208176,8/26/2022,NA,CHLOROPHYLL-A,,,LSPC,"WASP, EFDC",8127,1004108.8,,
21FL303D,Florida,State,FL68611,Nutrient TMDL for Lake Juliana,S,TMDL,EPA Final Action,1/31/2020,21FL303D,FL1484B,"NITROGEN, TOTAL",Both,NA,NA,40,%,NA,3/20/2020,"LAKE, FRESHWATER",21FL303D,Florida,State,Nutrient TMDL for Lake Juliana,S,TMDL,EPA Final Action,1/31/2020,21FL303D,S,TMDL Report,application/pdf,Lake Juliana Nutrient TMDL.pdf,Lake Juliana TMDL,NA,https://attains.epa.gov/attains-public/api/documents/actions/21FL303D/FL68611/196520,3/20/2020,NA,TROPHIC STATE INDEX (TSI),,Multiple Regression,,,924,1677,,
21FL303D,Florida,State,FL68618,Nutrient TMDL for Pine Lake,S,TMDL,EPA Final Action,12/5/2022,21FL303D,FL3245C4,"NITROGEN, TOTAL",Nonpoint source,NA,NA,NA,NA,NA,2/16/2023,"LAKE, FRESHWATER",21FL303D,Florida,State,Nutrient TMDL for Pine Lake,S,TMDL,EPA Final Action,12/5/2022,21FL303D,S,TMDL Report,application/pdf,Pine_Lake_TMDL.pdf,Pine_Lake_TMDL,NA,https://attains.epa.gov/attains-public/api/documents/actions/21FL303D/FL68618/210630,2/16/2023,NA,CHLOROPHYLL-A,,,PLSM,BATHTUB,247,2718,,
21FL303D,Florida,State,FL68618,Nutrient TMDL for Pine Lake,S,TMDL,EPA Final Action,12/5/2022,21FL303D,FL3245C4,"PHOSPHORUS, TOTAL",Nonpoint source,NA,NA,NA,NA,NA,2/16/2023,"LAKE, FRESHWATER",21FL303D,Florida,State,Nutrient TMDL for Pine Lake,S,TMDL,EPA Final Action,12/5/2022,21FL303D,S,TMDL Report,application/pdf,Pine_Lake_TMDL.pdf,Pine_Lake_TMDL,NA,https://attains.epa.gov/attains-public/api/documents/actions/21FL303D/FL68618/210630,2/16/2023,NA,CHLOROPHYLL-A,,,PLSM,BATHTUB,247,2718,,
21FL303D,Florida,State,FL68619,Nutrient TMDL for Bethel Lake,S,TMDL,EPA Final Action,9/3/2020,21FL303D,FL2953,"PHOSPHORUS, TOTAL",Nonpoint source,NA,NA,67,%,NA,11/6/2020,"LAKE, FRESHWATER",21FL303D,Florida,State,Nutrient TMDL for Bethel Lake,S,TMDL,EPA Final Action,9/3/2020,21FL303D,S,TMDL Report,application/pdf,Bethel Lake TMDL Report.pdf,Final TMDL Report Nutrient TMDLs for Bethel Lake,Final TMDL Report Nutrient TMDLs for Bethel Lake (WBID 2953) and Documentation in Support of the Development of Site-Specific Numeric Interpretations of the Narrative Nutrient Criterion,https://attains.epa.gov/attains-public/api/documents/actions/21FL303D/FL68619/197996,11/6/2020,NA,"PHOSPHORUS, TOTAL",,,PLSM,BATHTUB,201,1365,,
21FL303D,Florida,State,FL68619,Nutrient TMDL for Bethel Lake,S,TMDL,EPA Final Action,9/3/2020,21FL303D,FL2953,"PHOSPHORUS, TOTAL",Nonpoint source,NA,NA,67,%,NA,11/6/2020,"LAKE, FRESHWATER",21FL303D,Florida,State,Nutrient TMDL for Bethel Lake,S,TMDL,EPA Final Action,9/3/2020,21FL303D,S,TMDL Report,application/pdf,Bethel Lake TMDL Report.pdf,Final TMDL Report Nutrient TMDLs for Bethel Lake,Final TMDL Report Nutrient TMDLs for Bethel Lake (WBID 2953) and Documentation in Support of the Development of Site-Specific Numeric Interpretations of the Narrative Nutrient Criterion,https://attains.epa.gov/attains-public/api/documents/actions/21FL303D/FL68619/197996,11/6/2020,NA,"NITROGEN, TOTAL",,,PLSM,BATHTUB,201,1365,,
21FL303D,Florida,State,FL68619,Nutrient TMDL for Bethel Lake,S,TMDL,EPA Final Action,9/3/2020,21FL303D,FL2953,"NITROGEN, TOTAL",Nonpoint source,NA,NA,45,%,NA,11/6/2020,"LAKE, FRESHWATER",21FL303D,Florida,State,Nutrient TMDL for Bethel Lake,S,TMDL,EPA Final Action,9/3/2020,21FL303D,S,TMDL Report,application/pdf,Bethel Lake TMDL Report.pdf,Final TMDL Report Nutrient TMDLs for Bethel Lake,Final TMDL Report Nutrient TMDLs for Bethel Lake (WBID 2953) and Documentation in Support of the Development of Site-Specific Numeric Interpretations of the Narrative Nutrient Criterion,https://attains.epa.gov/attains-public/api/documents/actions/21FL303D/FL68619/197996,11/6/2020,NA,"PHOSPHORUS, TOTAL",,,PLSM,BATHTUB,201,1365,,
21FL303D,Florida,State,FL68619,Nutrient TMDL for Bethel Lake,S,TMDL,EPA Final Action,9/3/2020,21FL303D,FL2953,"NITROGEN, TOTAL",Nonpoint source,NA,NA,45,%,NA,11/6/2020,"LAKE, FRESHWATER",21FL303D,Florida,State,Nutrient TMDL for Bethel Lake,S,TMDL,EPA Final Action,9/3/2020,21FL303D,S,TMDL Report,application/pdf,Bethel Lake TMDL Report.pdf,Final TMDL Report Nutrient TMDLs for Bethel Lake,Final TMDL Report Nutrient TMDLs for Bethel Lake (WBID 2953) and Documentation in Support of the Development of Site-Specific Numeric Interpretations of the Narrative Nutrient Criterion,https://attains.epa.gov/attains-public/api/documents/actions/21FL303D/FL68619/197996,11/6/2020,NA,"NITROGEN, TOTAL",,,PLSM,BATHTUB,201,1365,,
21FL303D,Florida,State,FL68621,Nutrient TMDL for Lake Gem,S,TMDL,EPA Final Action,10/28/2020,21FL303D,FL2997V,"NITROGEN, TOTAL",Nonpoint source,NA,NA,NA,NA,NA,11/4/2020,"LAKE, FRESHWATER",21FL303D,Florida,State,Nutrient TMDL for Lake Gem,S,TMDL,EPA Final Action,10/28/2020,21FL303D,S,TMDL Report,application/pdf,Lake Gem TMDL Report.pdf,Final TMDL Report Nutrient TMDLs for Lake Gem (Orange County),Final TMDL Report Nutrient TMDLs for Lake Gem (Orange County) (WBID 2997V) and Documentation in Support of the Development of Site-Specific Numeric Interpretations of the Narrative Nutrient Criterion,https://attains.epa.gov/attains-public/api/documents/actions/21FL303D/FL68621/197997,11/4/2020,NA,"NITROGEN, TOTAL",,,PLSM,BATHTUB,8,110,,
21FL303D,Florida,State,FL68621,Nutrient TMDL for Lake Gem,S,TMDL,EPA Final Action,10/28/2020,21FL303D,FL2997V,"NITROGEN, TOTAL",Nonpoint source,NA,NA,NA,NA,NA,11/4/2020,"LAKE, FRESHWATER",21FL303D,Florida,State,Nutrient TMDL for Lake Gem,S,TMDL,EPA Final Action,10/28/2020,21FL303D,S,TMDL Report,application/pdf,Lake Gem TMDL Report.pdf,Final TMDL Report Nutrient TMDLs for Lake Gem (Orange County),Final TMDL Report Nutrient TMDLs for Lake Gem (Orange County) (WBID 2997V) and Documentation in Support of the Development of Site-Specific Numeric Interpretations of the Narrative Nutrient Criterion,https://attains.epa.gov/attains-public/api/documents/actions/21FL303D/FL68621/197997,11/4/2020,NA,"PHOSPHORUS, TOTAL",,,PLSM,BATHTUB,8,110,,
21FL303D,Florida,State,FL68621,Nutrient TMDL for Lake Gem,S,TMDL,EPA Final Action,10/28/2020,21FL303D,FL2997V,"PHOSPHORUS, TOTAL",Nonpoint source,NA,NA,62,%,NA,11/4/2020,"LAKE, FRESHWATER",21FL303D,Florida,State,Nutrient TMDL for Lake Gem,S,TMDL,EPA Final Action,10/28/2020,21FL303D,S,TMDL Report,application/pdf,Lake Gem TMDL Report.pdf,Final TMDL Report Nutrient TMDLs for Lake Gem (Orange County),Final TMDL Report Nutrient TMDLs for Lake Gem (Orange County) (WBID 2997V) and Documentation in Support of the Development of Site-Specific Numeric Interpretations of the Narrative Nutrient Criterion,https://attains.epa.gov/attains-public/api/documents/actions/21FL303D/FL68621/197997,11/4/2020,NA,"NITROGEN, TOTAL",,,PLSM,BATHTUB,8,110,,
21FL303D,Florida,State,FL68621,Nutrient TMDL for Lake Gem,S,TMDL,EPA Final Action,10/28/2020,21FL303D,FL2997V,"PHOSPHORUS, TOTAL",Nonpoint source,NA,NA,62,%,NA,11/4/2020,"LAKE, FRESHWATER",21FL303D,Florida,State,Nutrient TMDL for Lake Gem,S,TMDL,EPA Final Action,10/28/2020,21FL303D,S,TMDL Report,application/pdf,Lake Gem TMDL Report.pdf,Final TMDL Report Nutrient TMDLs for Lake Gem (Orange County),Final TMDL Report Nutrient TMDLs for Lake Gem (Orange County) (WBID 2997V) and Documentation in Support of the Development of Site-Specific Numeric Interpretations of the Narrative Nutrient Criterion,https://attains.epa.gov/attains-public/api/documents/actions/21FL303D/FL68621/197997,11/4/2020,NA,"PHOSPHORUS, TOTAL",,,PLSM,BATHTUB,8,110,,
21FL303D,Florida,State,FL68622,Nutrient TMDL for Lake Agnes and Lake McLeod,S,TMDL,EPA Final Action,9/3/2020,21FL303D,FL1588A,"NITROGEN, TOTAL",Nonpoint source,NA,NA,21,%,NA,11/6/2020,"LAKE, FRESHWATER",21FL303D,Florida,State,Nutrient TMDL for Lake Agnes and Lake McLeod,S,TMDL,EPA Final Action,9/3/2020,21FL303D,S,TMDL Report,application/pdf,Agnes McLeod TMDL Report.pdf,Final TMDL Report Nutrient TMDLs for Lake Agnes and Lake McLeod,Final TMDL Report Nutrient TMDLs for Lake Agnes (WBID 1466) and Lake McLeod (WBID 1588A) and Documentation in Support of the Development of Site-Specific Numeric Interpretations of the Narrative Nutrient Criterion,https://attains.epa.gov/attains-public/api/documents/actions/21FL303D/FL68622/197999,11/6/2020,NA,CHLOROPHYLL-A,,,PLSM,BATHTUB,457,1183,,
21FL303D,Florida,State,FL68622,Nutrient TMDL for Lake Agnes and Lake McLeod,S,TMDL,EPA Final Action,9/3/2020,21FL303D,FL1588A,"PHOSPHORUS, TOTAL",Nonpoint source,NA,NA,46,%,NA,11/6/2020,"LAKE, FRESHWATER",21FL303D,Florida,State,Nutrient TMDL for Lake Agnes and Lake McLeod,S,TMDL,EPA Final Action,9/3/2020,21FL303D,S,TMDL Report,application/pdf,Agnes McLeod TMDL Report.pdf,Final TMDL Report Nutrient TMDLs for Lake Agnes and Lake McLeod,Final TMDL Report Nutrient TMDLs for Lake Agnes (WBID 1466) and Lake McLeod (WBID 1588A) and Documentation in Support of the Development of Site-Specific Numeric Interpretations of the Narrative Nutrient Criterion,https://attains.epa.gov/attains-public/api/documents/actions/21FL303D/FL68622/197999,11/6/2020,NA,CHLOROPHYLL-A,,,PLSM,BATHTUB,457,1183,,
21FL303D,Florida,State,FL68622,Nutrient TMDL for Lake Agnes and Lake McLeod,S,TMDL,EPA Final Action,9/3/2020,21FL303D,FL1466,"PHOSPHORUS, TOTAL",Nonpoint source,NA,NA,69,%,NA,11/6/2020,"LAKE, FRESHWATER",21FL303D,Florida,State,Nutrient TMDL for Lake Agnes and Lake McLeod,S,TMDL,EPA Final Action,9/3/2020,21FL303D,S,TMDL Report,application/pdf,Agnes McLeod TMDL Report.pdf,Final TMDL Report Nutrient TMDLs for Lake Agnes and Lake McLeod,Final TMDL Report Nutrient TMDLs for Lake Agnes (WBID 1466) and Lake McLeod (WBID 1588A) and Documentation in Support of the Development of Site-Specific Numeric Interpretations of the Narrative Nutrient Criterion,https://attains.epa.gov/attains-public/api/documents/actions/21FL303D/FL68622/197999,11/6/2020,NA,"PHOSPHORUS, TOTAL",,,PLSM,BATHTUB,393,2260,,
21FL303D,Florida,State,FL68622,Nutrient TMDL for Lake Agnes and Lake McLeod,S,TMDL,EPA Final Action,9/3/2020,21FL303D,FL1466,"PHOSPHORUS, TOTAL",Nonpoint source,NA,NA,69,%,NA,11/6/2020,"LAKE, FRESHWATER",21FL303D,Florida,State,Nutrient TMDL for Lake Agnes and Lake McLeod,S,TMDL,EPA Final Action,9/3/2020,21FL303D,S,TMDL Report,application/pdf,Agnes McLeod TMDL Report.pdf,Final TMDL Report Nutrient TMDLs for Lake Agnes and Lake McLeod,Final TMDL Report Nutrient TMDLs for Lake Agnes (WBID 1466) and Lake McLeod (WBID 1588A) and Documentation in Support of the Development of Site-Specific Numeric Interpretations of the Narrative Nutrient Criterion,https://attains.epa.gov/attains-public/api/documents/actions/21FL303D/FL68622/197999,11/6/2020,NA,"NITROGEN, TOTAL",,,PLSM,BATHTUB,393,2260,,
21FL303D,Florida,State,FL68622,Nutrient TMDL for Lake Agnes and Lake McLeod,S,TMDL,EPA Final Action,9/3/2020,21FL303D,FL1466,"NITROGEN, TOTAL",Nonpoint source,NA,NA,41,%,NA,11/6/2020,"LAKE, FRESHWATER",21FL303D,Florida,State,Nutrient TMDL for Lake Agnes and Lake McLeod,S,TMDL,EPA Final Action,9/3/2020,21FL303D,S,TMDL Report,application/pdf,Agnes McLeod TMDL Report.pdf,Final TMDL Report Nutrient TMDLs for Lake Agnes and Lake McLeod,Final TMDL Report Nutrient TMDLs for Lake Agnes (WBID 1466) and Lake McLeod (WBID 1588A) and Documentation in Support of the Development of Site-Specific Numeric Interpretations of the Narrative Nutrient Criterion,https://attains.epa.gov/attains-public/api/documents/actions/21FL303D/FL68622/197999,11/6/2020,NA,"PHOSPHORUS, TOTAL",,,PLSM,BATHTUB,393,2260,,
21FL303D,Florida,State,FL68622,Nutrient TMDL for Lake Agnes and Lake McLeod,S,TMDL,EPA Final Action,9/3/2020,21FL303D,FL1466,"NITROGEN, TOTAL",Nonpoint source,NA,NA,41,%,NA,11/6/2020,"LAKE, FRESHWATER",21FL303D,Florida,State,Nutrient TMDL for Lake Agnes and Lake McLeod,S,TMDL,EPA Final Action,9/3/2020,21FL303D,S,TMDL Report,application/pdf,Agnes McLeod TMDL Report.pdf,Final TMDL Report Nutrient TMDLs for Lake Agnes and Lake McLeod,Final TMDL Report Nutrient TMDLs for Lake Agnes (WBID 1466) and Lake McLeod (WBID 1588A) and Documentation in Support of the Development of Site-Specific Numeric Interpretations of the Narrative Nutrient Criterion,https://attains.epa.gov/attains-public/api/documents/actions/21FL303D/FL68622/197999,11/6/2020,NA,"NITROGEN, TOTAL",,,PLSM,BATHTUB,393,2260,,
21FL303D,Florida,State,FL68623,"Nutrient TMDL for Kissimmee River Basin (Reedy Lake, Lake Ida, Hickory Lake, Lake Clinch, and Lake Adelaide)",S,TMDL,EPA Final Action,10/19/2020,21FL303D,FL1706,"PHOSPHORUS, TOTAL",Nonpoint source,NA,NA,50,%,NA,10/27/2020,"LAKE, FRESHWATER",21FL303D,Florida,State,"Nutrient TMDL for Kissimmee River Basin (Reedy Lake, Lake Ida, Hickory Lake, Lake Clinch, and Lake Adelaide)",S,TMDL,EPA Final Action,10/19/2020,21FL303D,S,TMDL Report,application/pdf,Final Kissimmee River Basin Lakes TMDL Report.pdf,"Final TMDL Report Nutrient TMDLs for Reedy Lake, Lake Ida, Hickory Lake, Lake Clinch, and Lake Adelaide","Final TMDL Report Nutrient TMDLs for Reedy Lake (WBID 1685D), Lake Ida (WBID 1685E), Hickory Lake (WBID 1730), Lake Clinch (WBID 1706), and Lake Adelaide (WBID 1730D) and Documentation in Support of the Development of Site-Specific Numeric Interpretations of the Narrative Nutrient Criterion",https://attains.epa.gov/attains-public/api/documents/actions/21FL303D/FL68623/198000,10/27/2020,NA,TROPHIC STATE INDEX (TSI),,Multiple Regression,,,1219,37555,2123,
21FL303D,Florida,State,FL68623,"Nutrient TMDL for Kissimmee River Basin (Reedy Lake, Lake Ida, Hickory Lake, Lake Clinch, and Lake Adelaide)",S,TMDL,EPA Final Action,10/19/2020,21FL303D,FL1706,"NITROGEN, TOTAL",Nonpoint source,NA,NA,18,%,NA,10/27/2020,"LAKE, FRESHWATER",21FL303D,Florida,State,"Nutrient TMDL for Kissimmee River Basin (Reedy Lake, Lake Ida, Hickory Lake, Lake Clinch, and Lake Adelaide)",S,TMDL,EPA Final Action,10/19/2020,21FL303D,S,TMDL Report,application/pdf,Final Kissimmee River Basin Lakes TMDL Report.pdf,"Final TMDL Report Nutrient TMDLs for Reedy Lake, Lake Ida, Hickory Lake, Lake Clinch, and Lake Adelaide","Final TMDL Report Nutrient TMDLs for Reedy Lake (WBID 1685D), Lake Ida (WBID 1685E), Hickory Lake (WBID 1730), Lake Clinch (WBID 1706), and Lake Adelaide (WBID 1730D) and Documentation in Support of the Development of Site-Specific Numeric Interpretations of the Narrative Nutrient Criterion",https://attains.epa.gov/attains-public/api/documents/actions/21FL303D/FL68623/198000,10/27/2020,NA,TROPHIC STATE INDEX (TSI),,Multiple Regression,,,1219,37555,2123,
21FL303D,Florida,State,FL68623,"Nutrient TMDL for Kissimmee River Basin (Reedy Lake, Lake Ida, Hickory Lake, Lake Clinch, and Lake Adelaide)",S,TMDL,EPA Final Action,10/19/2020,21FL303D,FL1730D,"NITROGEN, TOTAL",Nonpoint source,NA,NA,6,%,NA,10/27/2020,"LAKE, FRESHWATER",21FL303D,Florida,State,"Nutrient TMDL for Kissimmee River Basin (Reedy Lake, Lake Ida, Hickory Lake, Lake Clinch, and Lake Adelaide)",S,TMDL,EPA Final Action,10/19/2020,21FL303D,S,TMDL Report,application/pdf,Final Kissimmee River Basin Lakes TMDL Report.pdf,"Final TMDL Report Nutrient TMDLs for Reedy Lake, Lake Ida, Hickory Lake, Lake Clinch, and Lake Adelaide","Final TMDL Report Nutrient TMDLs for Reedy Lake (WBID 1685D), Lake Ida (WBID 1685E), Hickory Lake (WBID 1730), Lake Clinch (WBID 1706), and Lake Adelaide (WBID 1730D) and Documentation in Support of the Development of Site-Specific Numeric Interpretations of the Narrative Nutrient Criterion",https://attains.epa.gov/attains-public/api/documents/actions/21FL303D/FL68623/198000,10/27/2020,NA,TROPHIC STATE INDEX (TSI),,Multiple Regression,,,98,18228,686,
21FL303D,Florida,State,FL68623,"Nutrient TMDL for Kissimmee River Basin (Reedy Lake, Lake Ida, Hickory Lake, Lake Clinch, and Lake Adelaide)",S,TMDL,EPA Final Action,10/19/2020,21FL303D,FL1730D,"PHOSPHORUS, TOTAL",Nonpoint source,NA,NA,50,%,NA,10/27/2020,"LAKE, FRESHWATER",21FL303D,Florida,State,"Nutrient TMDL for Kissimmee River Basin (Reedy Lake, Lake Ida, Hickory Lake, Lake Clinch, and Lake Adelaide)",S,TMDL,EPA Final Action,10/19/2020,21FL303D,S,TMDL Report,application/pdf,Final Kissimmee River Basin Lakes TMDL Report.pdf,"Final TMDL Report Nutrient TMDLs for Reedy Lake, Lake Ida, Hickory Lake, Lake Clinch, and Lake Adelaide","Final TMDL Report Nutrient TMDLs for Reedy Lake (WBID 1685D), Lake Ida (WBID 1685E), Hickory Lake (WBID 1730), Lake Clinch (WBID 1706), and Lake Adelaide (WBID 1730D) and Documentation in Support of the Development of Site-Specific Numeric Interpretations of the Narrative Nutrient Criterion",https://attains.epa.gov/attains-public/api/documents/actions/21FL303D/FL68623/198000,10/27/2020,NA,TROPHIC STATE INDEX (TSI),,Multiple Regression,,,98,18228,686,
21FL303D,Florida,State,FL68623,"Nutrient TMDL for Kissimmee River Basin (Reedy Lake, Lake Ida, Hickory Lake, Lake Clinch, and Lake Adelaide)",S,TMDL,EPA Final Action,10/19/2020,21FL303D,FL1685E,"PHOSPHORUS, TOTAL",Nonpoint source,NA,NA,NA,NA,NA,10/27/2020,"LAKE, FRESHWATER",21FL303D,Florida,State,"Nutrient TMDL for Kissimmee River Basin (Reedy Lake, Lake Ida, Hickory Lake, Lake Clinch, and Lake Adelaide)",S,TMDL,EPA Final Action,10/19/2020,21FL303D,S,TMDL Report,application/pdf,Final Kissimmee River Basin Lakes TMDL Report.pdf,"Final TMDL Report Nutrient TMDLs for Reedy Lake, Lake Ida, Hickory Lake, Lake Clinch, and Lake Adelaide","Final TMDL Report Nutrient TMDLs for Reedy Lake (WBID 1685D), Lake Ida (WBID 1685E), Hickory Lake (WBID 1730), Lake Clinch (WBID 1706), and Lake Adelaide (WBID 1730D) and Documentation in Support of the Development of Site-Specific Numeric Interpretations of the Narrative Nutrient Criterion",https://attains.epa.gov/attains-public/api/documents/actions/21FL303D/FL68623/198000,10/27/2020,NA,TROPHIC STATE INDEX (TSI),,Multiple Regression,,,85,37555,,
21FL303D,Florida,State,FL68623,"Nutrient TMDL for Kissimmee River Basin (Reedy Lake, Lake Ida, Hickory Lake, Lake Clinch, and Lake Adelaide)",S,TMDL,EPA Final Action,10/19/2020,21FL303D,FL1685E,"NITROGEN, TOTAL",Nonpoint source,NA,NA,87,%,NA,10/27/2020,"LAKE, FRESHWATER",21FL303D,Florida,State,"Nutrient TMDL for Kissimmee River Basin (Reedy Lake, Lake Ida, Hickory Lake, Lake Clinch, and Lake Adelaide)",S,TMDL,EPA Final Action,10/19/2020,21FL303D,S,TMDL Report,application/pdf,Final Kissimmee River Basin Lakes TMDL Report.pdf,"Final TMDL Report Nutrient TMDLs for Reedy Lake, Lake Ida, Hickory Lake, Lake Clinch, and Lake Adelaide","Final TMDL Report Nutrient TMDLs for Reedy Lake (WBID 1685D), Lake Ida (WBID 1685E), Hickory Lake (WBID 1730), Lake Clinch (WBID 1706), and Lake Adelaide (WBID 1730D) and Documentation in Support of the Development of Site-Specific Numeric Interpretations of the Narrative Nutrient Criterion",https://attains.epa.gov/attains-public/api/documents/actions/21FL303D/FL68623/198000,10/27/2020,NA,TROPHIC STATE INDEX (TSI),,Multiple Regression,,,85,37555,,
21FL303D,Florida,State,FL68623,"Nutrient TMDL for Kissimmee River Basin (Reedy Lake, Lake Ida, Hickory Lake, Lake Clinch, and Lake Adelaide)",S,TMDL,EPA Final Action,10/19/2020,21FL303D,FL1685D,"NITROGEN, TOTAL",Nonpoint source,NA,NA,54,%,NA,10/27/2020,"LAKE, FRESHWATER",21FL303D,Florida,State,"Nutrient TMDL for Kissimmee River Basin (Reedy Lake, Lake Ida, Hickory Lake, Lake Clinch, and Lake Adelaide)",S,TMDL,EPA Final Action,10/19/2020,21FL303D,S,TMDL Report,application/pdf,Final Kissimmee River Basin Lakes TMDL Report.pdf,"Final TMDL Report Nutrient TMDLs for Reedy Lake, Lake Ida, Hickory Lake, Lake Clinch, and Lake Adelaide","Final TMDL Report Nutrient TMDLs for Reedy Lake (WBID 1685D), Lake Ida (WBID 1685E), Hickory Lake (WBID 1730), Lake Clinch (WBID 1706), and Lake Adelaide (WBID 1730D) and Documentation in Support of the Development of Site-Specific Numeric Interpretations of the Narrative Nutrient Criterion",https://attains.epa.gov/attains-public/api/documents/actions/21FL303D/FL68623/198000,10/27/2020,NA,TROPHIC STATE INDEX (TSI),,Multiple Regression,,,3504,37555,44529,
21FL303D,Florida,State,FL68623,"Nutrient TMDL for Kissimmee River Basin (Reedy Lake, Lake Ida, Hickory Lake, Lake Clinch, and Lake Adelaide)",S,TMDL,EPA Final Action,10/19/2020,21FL303D,FL1685D,"PHOSPHORUS, TOTAL",Nonpoint source,NA,NA,NA,NA,NA,10/27/2020,"LAKE, FRESHWATER",21FL303D,Florida,State,"Nutrient TMDL for Kissimmee River Basin (Reedy Lake, Lake Ida, Hickory Lake, Lake Clinch, and Lake Adelaide)",S,TMDL,EPA Final Action,10/19/2020,21FL303D,S,TMDL Report,application/pdf,Final Kissimmee River Basin Lakes TMDL Report.pdf,"Final TMDL Report Nutrient TMDLs for Reedy Lake, Lake Ida, Hickory Lake, Lake Clinch, and Lake Adelaide","Final TMDL Report Nutrient TMDLs for Reedy Lake (WBID 1685D), Lake Ida (WBID 1685E), Hickory Lake (WBID 1730), Lake Clinch (WBID 1706), and Lake Adelaide (WBID 1730D) and Documentation in Support of the Development of Site-Specific Numeric Interpretations of the Narrative Nutrient Criterion",https://attains.epa.gov/attains-public/api/documents/actions/21FL303D/FL68623/198000,10/27/2020,NA,TROPHIC STATE INDEX (TSI),,Multiple Regression,,,3504,37555,44529,
21FL303D,Florida,State,FL68623,"Nutrient TMDL for Kissimmee River Basin (Reedy Lake, Lake Ida, Hickory Lake, Lake Clinch, and Lake Adelaide)",S,TMDL,EPA Final Action,10/19/2020,21FL303D,FL1730,"NITROGEN, TOTAL",Nonpoint source,NA,NA,69,%,NA,10/27/2020,"LAKE, FRESHWATER",21FL303D,Florida,State,"Nutrient TMDL for Kissimmee River Basin (Reedy Lake, Lake Ida, Hickory Lake, Lake Clinch, and Lake Adelaide)",S,TMDL,EPA Final Action,10/19/2020,21FL303D,S,TMDL Report,application/pdf,Final Kissimmee River Basin Lakes TMDL Report.pdf,"Final TMDL Report Nutrient TMDLs for Reedy Lake, Lake Ida, Hickory Lake, Lake Clinch, and Lake Adelaide","Final TMDL Report Nutrient TMDLs for Reedy Lake (WBID 1685D), Lake Ida (WBID 1685E), Hickory Lake (WBID 1730), Lake Clinch (WBID 1706), and Lake Adelaide (WBID 1730D) and Documentation in Support of the Development of Site-Specific Numeric Interpretations of the Narrative Nutrient Criterion",https://attains.epa.gov/attains-public/api/documents/actions/21FL303D/FL68623/198000,10/27/2020,NA,TROPHIC STATE INDEX (TSI),,Multiple Regression,,,101,18228,,
21FL303D,Florida,State,FL68623,"Nutrient TMDL for Kissimmee River Basin (Reedy Lake, Lake Ida, Hickory Lake, Lake Clinch, and Lake Adelaide)",S,TMDL,EPA Final Action,10/19/2020,21FL303D,FL1730,"PHOSPHORUS, TOTAL",Nonpoint source,NA,NA,NA,NA,NA,10/27/2020,"LAKE, FRESHWATER",21FL303D,Florida,State,"Nutrient TMDL for Kissimmee River Basin (Reedy Lake, Lake Ida, Hickory Lake, Lake Clinch, and Lake Adelaide)",S,TMDL,EPA Final Action,10/19/2020,21FL303D,S,TMDL Report,application/pdf,Final Kissimmee River Basin Lakes TMDL Report.pdf,"Final TMDL Report Nutrient TMDLs for Reedy Lake, Lake Ida, Hickory Lake, Lake Clinch, and Lake Adelaide","Final TMDL Report Nutrient TMDLs for Reedy Lake (WBID 1685D), Lake Ida (WBID 1685E), Hickory Lake (WBID 1730), Lake Clinch (WBID 1706), and Lake Adelaide (WBID 1730D) and Documentation in Support of the Development of Site-Specific Numeric Interpretations of the Narrative Nutrient Criterion",https://attains.epa.gov/attains-public/api/documents/actions/21FL303D/FL68623/198000,10/27/2020,NA,TROPHIC STATE INDEX (TSI),,Multiple Regression,,,101,18228,,
21FL303D,Florida,State,FL68626,Nutrient TMDL for Louise Lake,S,TMDL,EPA Final Action,11/29/2020,21FL303D,FL2902,"PHOSPHORUS, TOTAL",Nonpoint source,NA,NA,NA,NA,NA,2/9/2022,"LAKE, FRESHWATER",21FL303D,Florida,State,Nutrient TMDL for Louise Lake,S,TMDL,EPA Final Action,11/29/2020,21FL303D,S,TMDL Report,application/pdf,Louise Lake_nutrientFINAL TMDL.pdf,Louise Lake_nutrientFINAL TMDL,Final Report Nutrient TMDLs for Louise Lake,https://attains.epa.gov/attains-public/api/documents/actions/21FL303D/FL68626/204621,2/9/2022,NA,"PHOSPHORUS, TOTAL",,,HSPF,BATHTUB,250,2144,,
21FL303D,Florida,State,FL68626,Nutrient TMDL for Louise Lake,S,TMDL,EPA Final Action,11/29/2020,21FL303D,FL2902,"PHOSPHORUS, TOTAL",Nonpoint source,NA,NA,NA,NA,NA,2/9/2022,"LAKE, FRESHWATER",21FL303D,Florida,State,Nutrient TMDL for Louise Lake,S,TMDL,EPA Final Action,11/29/2020,21FL303D,S,TMDL Report,application/pdf,Louise Lake_nutrientFINAL TMDL.pdf,Louise Lake_nutrientFINAL TMDL,Final Report Nutrient TMDLs for Louise Lake,https://attains.epa.gov/attains-public/api/documents/actions/21FL303D/FL68626/204621,2/9/2022,NA,"NITROGEN, TOTAL",,,HSPF,BATHTUB,250,2144,,
21FL303D,Florida,State,FL68626,Nutrient TMDL for Louise Lake,S,TMDL,EPA Final Action,11/29/2020,21FL303D,FL2902,"NITROGEN, TOTAL",Nonpoint source,NA,NA,NA,NA,NA,2/9/2022,"LAKE, FRESHWATER",21FL303D,Florida,State,Nutrient TMDL for Louise Lake,S,TMDL,EPA Final Action,11/29/2020,21FL303D,S,TMDL Report,application/pdf,Louise Lake_nutrientFINAL TMDL.pdf,Louise Lake_nutrientFINAL TMDL,Final Report Nutrient TMDLs for Louise Lake,https://attains.epa.gov/attains-public/api/documents/actions/21FL303D/FL68626/204621,2/9/2022,NA,"PHOSPHORUS, TOTAL",,,HSPF,BATHTUB,250,2144,,
21FL303D,Florida,State,FL68626,Nutrient TMDL for Louise Lake,S,TMDL,EPA Final Action,11/29/2020,21FL303D,FL2902,"NITROGEN, TOTAL",Nonpoint source,NA,NA,NA,NA,NA,2/9/2022,"LAKE, FRESHWATER",21FL303D,Florida,State,Nutrient TMDL for Louise Lake,S,TMDL,EPA Final Action,11/29/2020,21FL303D,S,TMDL Report,application/pdf,Louise Lake_nutrientFINAL TMDL.pdf,Louise Lake_nutrientFINAL TMDL,Final Report Nutrient TMDLs for Louise Lake,https://attains.epa.gov/attains-public/api/documents/actions/21FL303D/FL68626/204621,2/9/2022,NA,"NITROGEN, TOTAL",,,HSPF,BATHTUB,250,2144,,
21FL303D,Florida,State,FL68627,Nutrient TMDL for Lake Wales,S,TMDL,EPA Final Action,3/30/2020,21FL303D,FL1619A,"NITROGEN, TOTAL",Nonpoint source,NA,NA,NA,NA,NA,2/23/2022,"LAKE, FRESHWATER",21FL303D,Florida,State,Nutrient TMDL for Lake Wales,S,TMDL,EPA Final Action,3/30/2020,21FL303D,S,TMDL Report,application/pdf,Wales_TMDLDraft.pdf,Draft Report Nutrient TMDLs for Lake Wales,Draft Report Nutrient TMDLs for Lake Wales (WBID 1619A) and Documentation in Support of the Development of Site-Specific Numeric Interpretations of the Narrative Nutrient Criterion,https://attains.epa.gov/attains-public/api/documents/actions/21FL303D/FL68627/198005,2/23/2022,NA,"NITROGEN, TOTAL",,Multiple Regression,,,263,727,,
21FL303D,Florida,State,FL68627,Nutrient TMDL for Lake Wales,S,TMDL,EPA Final Action,3/30/2020,21FL303D,FL1619A,"NITROGEN, TOTAL",Nonpoint source,NA,NA,NA,NA,NA,2/23/2022,"LAKE, FRESHWATER",21FL303D,Florida,State,Nutrient TMDL for Lake Wales,S,TMDL,EPA Final Action,3/30/2020,21FL303D,S,TMDL Report,application/pdf,Wales_TMDLDraft.pdf,Draft Report Nutrient TMDLs for Lake Wales,Draft Report Nutrient TMDLs for Lake Wales (WBID 1619A) and Documentation in Support of the Development of Site-Specific Numeric Interpretations of the Narrative Nutrient Criterion,https://attains.epa.gov/attains-public/api/documents/actions/21FL303D/FL68627/198005,2/23/2022,NA,CHLOROPHYLL-A,,Multiple Regression,,,263,727,,
21FL303D,Florida,State,FL68627,Nutrient TMDL for Lake Wales,S,TMDL,EPA Final Action,3/30/2020,21FL303D,FL1619A,"PHOSPHORUS, TOTAL",Nonpoint source,NA,NA,NA,NA,NA,2/23/2022,"LAKE, FRESHWATER",21FL303D,Florida,State,Nutrient TMDL for Lake Wales,S,TMDL,EPA Final Action,3/30/2020,21FL303D,S,TMDL Report,application/pdf,Wales_TMDLDraft.pdf,Draft Report Nutrient TMDLs for Lake Wales,Draft Report Nutrient TMDLs for Lake Wales (WBID 1619A) and Documentation in Support of the Development of Site-Specific Numeric Interpretations of the Narrative Nutrient Criterion,https://attains.epa.gov/attains-public/api/documents/actions/21FL303D/FL68627/198005,2/23/2022,NA,"NITROGEN, TOTAL",,Multiple Regression,,,263,727,,
21FL303D,Florida,State,FL68627,Nutrient TMDL for Lake Wales,S,TMDL,EPA Final Action,3/30/2020,21FL303D,FL1619A,"PHOSPHORUS, TOTAL",Nonpoint source,NA,NA,NA,NA,NA,2/23/2022,"LAKE, FRESHWATER",21FL303D,Florida,State,Nutrient TMDL for Lake Wales,S,TMDL,EPA Final Action,3/30/2020,21FL303D,S,TMDL Report,application/pdf,Wales_TMDLDraft.pdf,Draft Report Nutrient TMDLs for Lake Wales,Draft Report Nutrient TMDLs for Lake Wales (WBID 1619A) and Documentation in Support of the Development of Site-Specific Numeric Interpretations of the Narrative Nutrient Criterion,https://attains.epa.gov/attains-public/api/documents/actions/21FL303D/FL68627/198005,2/23/2022,NA,CHLOROPHYLL-A,,Multiple Regression,,,263,727,,
21FL303D,Florida,State,FL68628,Nutrient TMDL for Lake Marion & Lake Pierce,S,TMDL,EPA Final Action,3/30/2020,21FL303D,FL1480,"PHOSPHORUS, TOTAL",Nonpoint source,NA,NA,NA,NA,NA,2/16/2022,"LAKE, FRESHWATER",21FL303D,Florida,State,Nutrient TMDL for Lake Marion & Lake Pierce,S,TMDL,EPA Final Action,3/30/2020,21FL303D,S,TMDL Report,application/pdf,Marion_Pierce_UpdatedTMDL_Final_082021.pdf,Marion_Pierce_UpdatedTMDL_Final_082021,NA,https://attains.epa.gov/attains-public/api/documents/actions/21FL303D/FL68628/204620,2/16/2022,NA,TROPHIC STATE INDEX (TSI),,,Curve Number Method,BATHTUB,3006,24518,33066,
21FL303D,Florida,State,FL68628,Nutrient TMDL for Lake Marion & Lake Pierce,S,TMDL,EPA Final Action,3/30/2020,21FL303D,FL1480,"NITROGEN, TOTAL",Nonpoint source,NA,NA,NA,NA,NA,2/16/2022,"LAKE, FRESHWATER",21FL303D,Florida,State,Nutrient TMDL for Lake Marion & Lake Pierce,S,TMDL,EPA Final Action,3/30/2020,21FL303D,S,TMDL Report,application/pdf,Marion_Pierce_UpdatedTMDL_Final_082021.pdf,Marion_Pierce_UpdatedTMDL_Final_082021,NA,https://attains.epa.gov/attains-public/api/documents/actions/21FL303D/FL68628/204620,2/16/2022,NA,TROPHIC STATE INDEX (TSI),,,Curve Number Method,BATHTUB,3006,24518,33066,
21FL303D,Florida,State,FL68628,Nutrient TMDL for Lake Marion & Lake Pierce,S,TMDL,EPA Final Action,3/30/2020,21FL303D,FL1532A,"PHOSPHORUS, TOTAL",Nonpoint source,NA,NA,NA,NA,NA,2/16/2022,"LAKE, FRESHWATER",21FL303D,Florida,State,Nutrient TMDL for Lake Marion & Lake Pierce,S,TMDL,EPA Final Action,3/30/2020,21FL303D,S,TMDL Report,application/pdf,Marion_Pierce_UpdatedTMDL_Final_082021.pdf,Marion_Pierce_UpdatedTMDL_Final_082021,NA,https://attains.epa.gov/attains-public/api/documents/actions/21FL303D/FL68628/204620,2/16/2022,NA,TROPHIC STATE INDEX (TSI),,,Curve Number Method,BATHTUB,3779,35714,26453,
21FL303D,Florida,State,FL68628,Nutrient TMDL for Lake Marion & Lake Pierce,S,TMDL,EPA Final Action,3/30/2020,21FL303D,FL1532A,"NITROGEN, TOTAL",Nonpoint source,NA,NA,NA,NA,NA,2/16/2022,"LAKE, FRESHWATER",21FL303D,Florida,State,Nutrient TMDL for Lake Marion & Lake Pierce,S,TMDL,EPA Final Action,3/30/2020,21FL303D,S,TMDL Report,application/pdf,Marion_Pierce_UpdatedTMDL_Final_082021.pdf,Marion_Pierce_UpdatedTMDL_Final_082021,NA,https://attains.epa.gov/attains-public/api/documents/actions/21FL303D/FL68628/204620,2/16/2022,NA,TROPHIC STATE INDEX (TSI),,,Curve Number Method,BATHTUB,3779,35714,26453,
21FL303D,Florida,State,FL68665,Nutrient TMDL for Lake Valrico,S,TMDL,EPA Final Action,1/18/2024,21FL303D,FL1547A,"NITROGEN, TOTAL",Both,NA,NA,NA,NA,NA,3/11/2024,"LAKE, FRESHWATER",21FL303D,Florida,State,Nutrient TMDL for Lake Valrico,S,TMDL,EPA Final Action,1/18/2024,21FL303D,S,TMDL Report,application/pdf,Lake Valrico_nutrient TMDL_Final.pdf,Final Report Nutrient TMDLs for Lake Valrico,NA,https://attains.epa.gov/attains-public/api/documents/actions/21FL303D/FL68665/218792,3/11/2024,N,CHLOROPHYLL-A,,,Curve Number Method,BATHTUB,,1576,,
21FL303D,Florida,State,FL68665,Nutrient TMDL for Lake Valrico,S,TMDL,EPA Final Action,1/18/2024,21FL303D,FL1547A,"PHOSPHORUS, TOTAL",Both,NA,NA,NA,NA,NA,3/11/2024,"LAKE, FRESHWATER",21FL303D,Florida,State,Nutrient TMDL for Lake Valrico,S,TMDL,EPA Final Action,1/18/2024,21FL303D,S,TMDL Report,application/pdf,Lake Valrico_nutrient TMDL_Final.pdf,Final Report Nutrient TMDLs for Lake Valrico,NA,https://attains.epa.gov/attains-public/api/documents/actions/21FL303D/FL68665/218792,3/11/2024,N,CHLOROPHYLL-A,,,Curve Number Method,BATHTUB,,1576,,
21FL303D,Florida,State,FL68660,Nutrient TMDLs for Lake Istokpoga (WBID 1856B),S,TMDL,EPA Final Action,1/1/2022,21FL303D,FL1856B,"PHOSPHORUS, TOTAL",Both,NA,NA,56,%REDUCTION,54073,4/21/2023,"LAKE, FRESHWATER",21FL303D,Florida,State,Nutrient TMDLs for Lake Istokpoga (WBID 1856B),S,TMDL,EPA Final Action,1/1/2022,21FL303D,S,TMDL Report,application/pdf,Istokpoga_TMDL.pdf,Istokpoga TMDL final,NA,https://attains.epa.gov/attains-public/api/documents/actions/21FL303D/FL68660/210992,4/21/2023,NA,CHLOROPHYLL-A,,,HSPF,,27673,367947,,
21FL303D,Florida,State,FL68660,Nutrient TMDLs for Lake Istokpoga (WBID 1856B),S,TMDL,EPA Final Action,1/1/2022,21FL303D,FL1856B,"PHOSPHORUS, TOTAL",Both,NA,NA,56,%REDUCTION,54073,4/21/2023,"LAKE, FRESHWATER",21FL303D,Florida,State,Nutrient TMDLs for Lake Istokpoga (WBID 1856B),S,TMDL,EPA Final Action,1/1/2022,21FL303D,S,TMDL Report,application/pdf,Istokpoga_TMDL.pdf,Istokpoga TMDL final,NA,https://attains.epa.gov/attains-public/api/documents/actions/21FL303D/FL68660/210992,4/21/2023,NA,"PHOSPHORUS, TOTAL",,,HSPF,,27673,367947,,
21FL303D,Florida,State,FL68660,Nutrient TMDLs for Lake Istokpoga (WBID 1856B),S,TMDL,EPA Final Action,1/1/2022,21FL303D,FL1856B,"PHOSPHORUS, TOTAL",Both,NA,NA,56,%REDUCTION,54073,4/21/2023,"LAKE, FRESHWATER",21FL303D,Florida,State,Nutrient TMDLs for Lake Istokpoga (WBID 1856B),S,TMDL,EPA Final Action,1/1/2022,21FL303D,S,TMDL Report,application/pdf,Istokpoga_TMDL.pdf,Istokpoga TMDL final,NA,https://attains.epa.gov/attains-public/api/documents/actions/21FL303D/FL68660/210992,4/21/2023,NA,"NITROGEN, TOTAL",,,HSPF,,27673,367947,,
21FL303D,Florida,State,FL68660,Nutrient TMDLs for Lake Istokpoga (WBID 1856B),S,TMDL,EPA Final Action,1/1/2022,21FL303D,FL1856B,"NITROGEN, TOTAL",Both,NA,NA,23,%REDUCTION,1345998,4/21/2023,"LAKE, FRESHWATER",21FL303D,Florida,State,Nutrient TMDLs for Lake Istokpoga (WBID 1856B),S,TMDL,EPA Final Action,1/1/2022,21FL303D,S,TMDL Report,application/pdf,Istokpoga_TMDL.pdf,Istokpoga TMDL final,NA,https://attains.epa.gov/attains-public/api/documents/actions/21FL303D/FL68660/210992,4/21/2023,NA,CHLOROPHYLL-A,,,HSPF,,27673,367947,,
21FL303D,Florida,State,FL68660,Nutrient TMDLs for Lake Istokpoga (WBID 1856B),S,TMDL,EPA Final Action,1/1/2022,21FL303D,FL1856B,"NITROGEN, TOTAL",Both,NA,NA,23,%REDUCTION,1345998,4/21/2023,"LAKE, FRESHWATER",21FL303D,Florida,State,Nutrient TMDLs for Lake Istokpoga (WBID 1856B),S,TMDL,EPA Final Action,1/1/2022,21FL303D,S,TMDL Report,application/pdf,Istokpoga_TMDL.pdf,Istokpoga TMDL final,NA,https://attains.epa.gov/attains-public/api/documents/actions/21FL303D/FL68660/210992,4/21/2023,NA,"PHOSPHORUS, TOTAL",,,HSPF,,27673,367947,,
21FL303D,Florida,State,FL68660,Nutrient TMDLs for Lake Istokpoga (WBID 1856B),S,TMDL,EPA Final Action,1/1/2022,21FL303D,FL1856B,"NITROGEN, TOTAL",Both,NA,NA,23,%REDUCTION,1345998,4/21/2023,"LAKE, FRESHWATER",21FL303D,Florida,State,Nutrient TMDLs for Lake Istokpoga (WBID 1856B),S,TMDL,EPA Final Action,1/1/2022,21FL303D,S,TMDL Report,application/pdf,Istokpoga_TMDL.pdf,Istokpoga TMDL final,NA,https://attains.epa.gov/attains-public/api/documents/actions/21FL303D/FL68660/210992,4/21/2023,NA,"NITROGEN, TOTAL",,,HSPF,,27673,367947,,
21NMEX,New Mexico,State,69015,Canadian and Upper Rio Grande Basin Lakes TMDL,S,TMDL,EPA Final Action,8/20/2024,21NMEX,NM-2305.B_20,"PHOSPHORUS, TOTAL",Nonpoint source,NA,NA,NA,NA,NA,8/20/2024,RESERVOIR,21NMEX,New Mexico,State,Canadian and Upper Rio Grande Basin Lakes TMDL,S,TMDL,EPA Final Action,8/20/2024,21NMEX,S,TMDL Report,application/pdf,EPA Approved Canadian-Upper-Rio-Grande-Lakes-TMDL_082024.pdf,Canadian and Upper Rio Grande Basin Lakes TMDL,NA,https://attains.epa.gov/attains-public/api/documents/actions/21NMEX/69015/221674,8/20/2024,NA,"PHOSPHORUS, TOTAL",,,,WET,115,13312,,
21NMEX,New Mexico,State,69015,Canadian and Upper Rio Grande Basin Lakes TMDL,S,TMDL,EPA Final Action,8/20/2024,21NMEX,NM-2305.B_20,"PHOSPHORUS, TOTAL",Nonpoint source,NA,NA,NA,NA,NA,8/20/2024,RESERVOIR,21NMEX,New Mexico,State,Canadian and Upper Rio Grande Basin Lakes TMDL,S,TMDL,EPA Final Action,8/20/2024,21NMEX,S,TMDL Report,application/pdf,EPA Approved Canadian-Upper-Rio-Grande-Lakes-TMDL_082024.pdf,Canadian and Upper Rio Grande Basin Lakes TMDL,NA,https://attains.epa.gov/attains-public/api/documents/actions/21NMEX/69015/221674,8/20/2024,NA,"NITROGEN, TOTAL",,,,WET,115,13312,,
21NMEX,New Mexico,State,69015,Canadian and Upper Rio Grande Basin Lakes TMDL,S,TMDL,EPA Final Action,8/20/2024,21NMEX,NM-2305.B_20,"NITROGEN, TOTAL",Nonpoint source,NA,NA,NA,NA,NA,8/20/2024,RESERVOIR,21NMEX,New Mexico,State,Canadian and Upper Rio Grande Basin Lakes TMDL,S,TMDL,EPA Final Action,8/20/2024,21NMEX,S,TMDL Report,application/pdf,EPA Approved Canadian-Upper-Rio-Grande-Lakes-TMDL_082024.pdf,Canadian and Upper Rio Grande Basin Lakes TMDL,NA,https://attains.epa.gov/attains-public/api/documents/actions/21NMEX/69015/221674,8/20/2024,NA,"PHOSPHORUS, TOTAL",,,,WET,115,13312,,
21NMEX,New Mexico,State,69015,Canadian and Upper Rio Grande Basin Lakes TMDL,S,TMDL,EPA Final Action,8/20/2024,21NMEX,NM-2305.B_20,"NITROGEN, TOTAL",Nonpoint source,NA,NA,NA,NA,NA,8/20/2024,RESERVOIR,21NMEX,New Mexico,State,Canadian and Upper Rio Grande Basin Lakes TMDL,S,TMDL,EPA Final Action,8/20/2024,21NMEX,S,TMDL Report,application/pdf,EPA Approved Canadian-Upper-Rio-Grande-Lakes-TMDL_082024.pdf,Canadian and Upper Rio Grande Basin Lakes TMDL,NA,https://attains.epa.gov/attains-public/api/documents/actions/21NMEX/69015/221674,8/20/2024,NA,"NITROGEN, TOTAL",,,,WET,115,13312,,
21NMEX,New Mexico,State,69015,Canadian and Upper Rio Grande Basin Lakes TMDL,S,TMDL,EPA Final Action,8/20/2024,21NMEX,NM-2118.B_00,"PHOSPHORUS, TOTAL",Nonpoint source,NA,NA,NA,NA,NA,8/20/2024,RESERVOIR,21NMEX,New Mexico,State,Canadian and Upper Rio Grande Basin Lakes TMDL,S,TMDL,EPA Final Action,8/20/2024,21NMEX,S,TMDL Report,application/pdf,EPA Approved Canadian-Upper-Rio-Grande-Lakes-TMDL_082024.pdf,Canadian and Upper Rio Grande Basin Lakes TMDL,NA,https://attains.epa.gov/attains-public/api/documents/actions/21NMEX/69015/221674,8/20/2024,NA,"PHOSPHORUS, TOTAL",,,,WET,92.95,62976,,
21NMEX,New Mexico,State,69015,Canadian and Upper Rio Grande Basin Lakes TMDL,S,TMDL,EPA Final Action,8/20/2024,21NMEX,NM-2118.B_00,"PHOSPHORUS, TOTAL",Nonpoint source,NA,NA,NA,NA,NA,8/20/2024,RESERVOIR,21NMEX,New Mexico,State,Canadian and Upper Rio Grande Basin Lakes TMDL,S,TMDL,EPA Final Action,8/20/2024,21NMEX,S,TMDL Report,application/pdf,EPA Approved Canadian-Upper-Rio-Grande-Lakes-TMDL_082024.pdf,Canadian and Upper Rio Grande Basin Lakes TMDL,NA,https://attains.epa.gov/attains-public/api/documents/actions/21NMEX/69015/221674,8/20/2024,NA,"NITROGEN, TOTAL",,,,WET,92.95,62976,,
21NMEX,New Mexico,State,69015,Canadian and Upper Rio Grande Basin Lakes TMDL,S,TMDL,EPA Final Action,8/20/2024,21NMEX,NM-2118.B_00,"PHOSPHORUS, TOTAL",Nonpoint source,NA,NA,NA,NA,NA,8/20/2024,RESERVOIR,21NMEX,New Mexico,State,Canadian and Upper Rio Grande Basin Lakes TMDL,S,TMDL,EPA Final Action,8/20/2024,21NMEX,S,TMDL Report,application/pdf,EPA Approved Canadian-Upper-Rio-Grande-Lakes-TMDL_082024.pdf,Canadian and Upper Rio Grande Basin Lakes TMDL,NA,https://attains.epa.gov/attains-public/api/documents/actions/21NMEX/69015/221674,8/20/2024,NA,TEMPERATURE,,,,WET,92.95,62976,,
21NMEX,New Mexico,State,69015,Canadian and Upper Rio Grande Basin Lakes TMDL,S,TMDL,EPA Final Action,8/20/2024,21NMEX,NM-2118.B_00,"NITROGEN, TOTAL",Nonpoint source,NA,NA,NA,NA,NA,8/20/2024,RESERVOIR,21NMEX,New Mexico,State,Canadian and Upper Rio Grande Basin Lakes TMDL,S,TMDL,EPA Final Action,8/20/2024,21NMEX,S,TMDL Report,application/pdf,EPA Approved Canadian-Upper-Rio-Grande-Lakes-TMDL_082024.pdf,Canadian and Upper Rio Grande Basin Lakes TMDL,NA,https://attains.epa.gov/attains-public/api/documents/actions/21NMEX/69015/221674,8/20/2024,NA,"PHOSPHORUS, TOTAL",,,,WET,92.95,62976,,
21NMEX,New Mexico,State,69015,Canadian and Upper Rio Grande Basin Lakes TMDL,S,TMDL,EPA Final Action,8/20/2024,21NMEX,NM-2118.B_00,"NITROGEN, TOTAL",Nonpoint source,NA,NA,NA,NA,NA,8/20/2024,RESERVOIR,21NMEX,New Mexico,State,Canadian and Upper Rio Grande Basin Lakes TMDL,S,TMDL,EPA Final Action,8/20/2024,21NMEX,S,TMDL Report,application/pdf,EPA Approved Canadian-Upper-Rio-Grande-Lakes-TMDL_082024.pdf,Canadian and Upper Rio Grande Basin Lakes TMDL,NA,https://attains.epa.gov/attains-public/api/documents/actions/21NMEX/69015/221674,8/20/2024,NA,"NITROGEN, TOTAL",,,,WET,92.95,62976,,
21NMEX,New Mexico,State,69015,Canadian and Upper Rio Grande Basin Lakes TMDL,S,TMDL,EPA Final Action,8/20/2024,21NMEX,NM-2118.B_00,"NITROGEN, TOTAL",Nonpoint source,NA,NA,NA,NA,NA,8/20/2024,RESERVOIR,21NMEX,New Mexico,State,Canadian and Upper Rio Grande Basin Lakes TMDL,S,TMDL,EPA Final Action,8/20/2024,21NMEX,S,TMDL Report,application/pdf,EPA Approved Canadian-Upper-Rio-Grande-Lakes-TMDL_082024.pdf,Canadian and Upper Rio Grande Basin Lakes TMDL,NA,https://attains.epa.gov/attains-public/api/documents/actions/21NMEX/69015/221674,8/20/2024,NA,TEMPERATURE,,,,WET,92.95,62976,,
21NMEX,New Mexico,State,69015,Canadian and Upper Rio Grande Basin Lakes TMDL,S,TMDL,EPA Final Action,8/20/2024,21NMEX,NM-2118.B_00,TEMPERATURE,Nonpoint source,NA,NA,NA,NA,NA,8/20/2024,RESERVOIR,21NMEX,New Mexico,State,Canadian and Upper Rio Grande Basin Lakes TMDL,S,TMDL,EPA Final Action,8/20/2024,21NMEX,S,TMDL Report,application/pdf,EPA Approved Canadian-Upper-Rio-Grande-Lakes-TMDL_082024.pdf,Canadian and Upper Rio Grande Basin Lakes TMDL,NA,https://attains.epa.gov/attains-public/api/documents/actions/21NMEX/69015/221674,8/20/2024,NA,"PHOSPHORUS, TOTAL",,,,WET,92.95,62976,,
21NMEX,New Mexico,State,69015,Canadian and Upper Rio Grande Basin Lakes TMDL,S,TMDL,EPA Final Action,8/20/2024,21NMEX,NM-2118.B_00,TEMPERATURE,Nonpoint source,NA,NA,NA,NA,NA,8/20/2024,RESERVOIR,21NMEX,New Mexico,State,Canadian and Upper Rio Grande Basin Lakes TMDL,S,TMDL,EPA Final Action,8/20/2024,21NMEX,S,TMDL Report,application/pdf,EPA Approved Canadian-Upper-Rio-Grande-Lakes-TMDL_082024.pdf,Canadian and Upper Rio Grande Basin Lakes TMDL,NA,https://attains.epa.gov/attains-public/api/documents/actions/21NMEX/69015/221674,8/20/2024,NA,"NITROGEN, TOTAL",,,,WET,92.95,62976,,
21NMEX,New Mexico,State,69015,Canadian and Upper Rio Grande Basin Lakes TMDL,S,TMDL,EPA Final Action,8/20/2024,21NMEX,NM-2118.B_00,TEMPERATURE,Nonpoint source,NA,NA,NA,NA,NA,8/20/2024,RESERVOIR,21NMEX,New Mexico,State,Canadian and Upper Rio Grande Basin Lakes TMDL,S,TMDL,EPA Final Action,8/20/2024,21NMEX,S,TMDL Report,application/pdf,EPA Approved Canadian-Upper-Rio-Grande-Lakes-TMDL_082024.pdf,Canadian and Upper Rio Grande Basin Lakes TMDL,NA,https://attains.epa.gov/attains-public/api/documents/actions/21NMEX/69015/221674,8/20/2024,NA,TEMPERATURE,,,,WET,92.95,62976,,
21NMEX,New Mexico,State,69015,Canadian and Upper Rio Grande Basin Lakes TMDL,S,TMDL,EPA Final Action,8/20/2024,21NMEX,NM-2118.B_00,"ALUMINUM, TOTAL",Nonpoint source,NA,NA,NA,NA,NA,8/20/2024,RESERVOIR,21NMEX,New Mexico,State,Canadian and Upper Rio Grande Basin Lakes TMDL,S,TMDL,EPA Final Action,8/20/2024,21NMEX,S,TMDL Report,application/pdf,EPA Approved Canadian-Upper-Rio-Grande-Lakes-TMDL_082024.pdf,Canadian and Upper Rio Grande Basin Lakes TMDL,NA,https://attains.epa.gov/attains-public/api/documents/actions/21NMEX/69015/221674,8/20/2024,NA,"PHOSPHORUS, TOTAL",,,,WET,92.95,62976,,
21NMEX,New Mexico,State,69015,Canadian and Upper Rio Grande Basin Lakes TMDL,S,TMDL,EPA Final Action,8/20/2024,21NMEX,NM-2118.B_00,"ALUMINUM, TOTAL",Nonpoint source,NA,NA,NA,NA,NA,8/20/2024,RESERVOIR,21NMEX,New Mexico,State,Canadian and Upper Rio Grande Basin Lakes TMDL,S,TMDL,EPA Final Action,8/20/2024,21NMEX,S,TMDL Report,application/pdf,EPA Approved Canadian-Upper-Rio-Grande-Lakes-TMDL_082024.pdf,Canadian and Upper Rio Grande Basin Lakes TMDL,NA,https://attains.epa.gov/attains-public/api/documents/actions/21NMEX/69015/221674,8/20/2024,NA,"NITROGEN, TOTAL",,,,WET,92.95,62976,,
21NMEX,New Mexico,State,69015,Canadian and Upper Rio Grande Basin Lakes TMDL,S,TMDL,EPA Final Action,8/20/2024,21NMEX,NM-2118.B_00,"ALUMINUM, TOTAL",Nonpoint source,NA,NA,NA,NA,NA,8/20/2024,RESERVOIR,21NMEX,New Mexico,State,Canadian and Upper Rio Grande Basin Lakes TMDL,S,TMDL,EPA Final Action,8/20/2024,21NMEX,S,TMDL Report,application/pdf,EPA Approved Canadian-Upper-Rio-Grande-Lakes-TMDL_082024.pdf,Canadian and Upper Rio Grande Basin Lakes TMDL,NA,https://attains.epa.gov/attains-public/api/documents/actions/21NMEX/69015/221674,8/20/2024,NA,TEMPERATURE,,,,WET,92.95,62976,,
21NMEX,New Mexico,State,69015,Canadian and Upper Rio Grande Basin Lakes TMDL,S,TMDL,EPA Final Action,8/20/2024,21NMEX,NM-2306.B_30,"PHOSPHORUS, TOTAL",Nonpoint source,NA,NA,NA,NA,NA,8/20/2024,RESERVOIR,21NMEX,New Mexico,State,Canadian and Upper Rio Grande Basin Lakes TMDL,S,TMDL,EPA Final Action,8/20/2024,21NMEX,S,TMDL Report,application/pdf,EPA Approved Canadian-Upper-Rio-Grande-Lakes-TMDL_082024.pdf,Canadian and Upper Rio Grande Basin Lakes TMDL,NA,https://attains.epa.gov/attains-public/api/documents/actions/21NMEX/69015/221674,8/20/2024,NA,"PHOSPHORUS, TOTAL",,,,WET,6.19,1260,,
21NMEX,New Mexico,State,69015,Canadian and Upper Rio Grande Basin Lakes TMDL,S,TMDL,EPA Final Action,8/20/2024,21NMEX,NM-2306.B_30,"PHOSPHORUS, TOTAL",Nonpoint source,NA,NA,NA,NA,NA,8/20/2024,RESERVOIR,21NMEX,New Mexico,State,Canadian and Upper Rio Grande Basin Lakes TMDL,S,TMDL,EPA Final Action,8/20/2024,21NMEX,S,TMDL Report,application/pdf,EPA Approved Canadian-Upper-Rio-Grande-Lakes-TMDL_082024.pdf,Canadian and Upper Rio Grande Basin Lakes TMDL,NA,https://attains.epa.gov/attains-public/api/documents/actions/21NMEX/69015/221674,8/20/2024,NA,"NITROGEN, TOTAL",,,,WET,6.19,1260,,
21NMEX,New Mexico,State,69015,Canadian and Upper Rio Grande Basin Lakes TMDL,S,TMDL,EPA Final Action,8/20/2024,21NMEX,NM-2306.B_30,"NITROGEN, TOTAL",Nonpoint source,NA,NA,NA,NA,NA,8/20/2024,RESERVOIR,21NMEX,New Mexico,State,Canadian and Upper Rio Grande Basin Lakes TMDL,S,TMDL,EPA Final Action,8/20/2024,21NMEX,S,TMDL Report,application/pdf,EPA Approved Canadian-Upper-Rio-Grande-Lakes-TMDL_082024.pdf,Canadian and Upper Rio Grande Basin Lakes TMDL,NA,https://attains.epa.gov/attains-public/api/documents/actions/21NMEX/69015/221674,8/20/2024,NA,"PHOSPHORUS, TOTAL",,,,WET,6.19,1260,,
21NMEX,New Mexico,State,69015,Canadian and Upper Rio Grande Basin Lakes TMDL,S,TMDL,EPA Final Action,8/20/2024,21NMEX,NM-2306.B_30,"NITROGEN, TOTAL",Nonpoint source,NA,NA,NA,NA,NA,8/20/2024,RESERVOIR,21NMEX,New Mexico,State,Canadian and Upper Rio Grande Basin Lakes TMDL,S,TMDL,EPA Final Action,8/20/2024,21NMEX,S,TMDL Report,application/pdf,EPA Approved Canadian-Upper-Rio-Grande-Lakes-TMDL_082024.pdf,Canadian and Upper Rio Grande Basin Lakes TMDL,NA,https://attains.epa.gov/attains-public/api/documents/actions/21NMEX/69015/221674,8/20/2024,NA,"NITROGEN, TOTAL",,,,WET,6.19,1260,,
21NMEX,New Mexico,State,69015,Canadian and Upper Rio Grande Basin Lakes TMDL,S,TMDL,EPA Final Action,8/20/2024,21NMEX,NM-2306.B_00,"PHOSPHORUS, TOTAL",Nonpoint source,NA,NA,NA,NA,NA,8/20/2024,RESERVOIR,21NMEX,New Mexico,State,Canadian and Upper Rio Grande Basin Lakes TMDL,S,TMDL,EPA Final Action,8/20/2024,21NMEX,S,TMDL Report,application/pdf,EPA Approved Canadian-Upper-Rio-Grande-Lakes-TMDL_082024.pdf,Canadian and Upper Rio Grande Basin Lakes TMDL,NA,https://attains.epa.gov/attains-public/api/documents/actions/21NMEX/69015/221674,8/20/2024,NA,"NITROGEN, TOTAL",,,,WET,1817.29,118400,,
21NMEX,New Mexico,State,69015,Canadian and Upper Rio Grande Basin Lakes TMDL,S,TMDL,EPA Final Action,8/20/2024,21NMEX,NM-2306.B_00,"PHOSPHORUS, TOTAL",Nonpoint source,NA,NA,NA,NA,NA,8/20/2024,RESERVOIR,21NMEX,New Mexico,State,Canadian and Upper Rio Grande Basin Lakes TMDL,S,TMDL,EPA Final Action,8/20/2024,21NMEX,S,TMDL Report,application/pdf,EPA Approved Canadian-Upper-Rio-Grande-Lakes-TMDL_082024.pdf,Canadian and Upper Rio Grande Basin Lakes TMDL,NA,https://attains.epa.gov/attains-public/api/documents/actions/21NMEX/69015/221674,8/20/2024,NA,"PHOSPHORUS, TOTAL",,,,WET,1817.29,118400,,
21NMEX,New Mexico,State,69015,Canadian and Upper Rio Grande Basin Lakes TMDL,S,TMDL,EPA Final Action,8/20/2024,21NMEX,NM-2306.B_00,"NITROGEN, TOTAL",Nonpoint source,NA,NA,NA,NA,NA,8/20/2024,RESERVOIR,21NMEX,New Mexico,State,Canadian and Upper Rio Grande Basin Lakes TMDL,S,TMDL,EPA Final Action,8/20/2024,21NMEX,S,TMDL Report,application/pdf,EPA Approved Canadian-Upper-Rio-Grande-Lakes-TMDL_082024.pdf,Canadian and Upper Rio Grande Basin Lakes TMDL,NA,https://attains.epa.gov/attains-public/api/documents/actions/21NMEX/69015/221674,8/20/2024,NA,"NITROGEN, TOTAL",,,,WET,1817.29,118400,,
21NMEX,New Mexico,State,69015,Canadian and Upper Rio Grande Basin Lakes TMDL,S,TMDL,EPA Final Action,8/20/2024,21NMEX,NM-2306.B_00,"NITROGEN, TOTAL",Nonpoint source,NA,NA,NA,NA,NA,8/20/2024,RESERVOIR,21NMEX,New Mexico,State,Canadian and Upper Rio Grande Basin Lakes TMDL,S,TMDL,EPA Final Action,8/20/2024,21NMEX,S,TMDL Report,application/pdf,EPA Approved Canadian-Upper-Rio-Grande-Lakes-TMDL_082024.pdf,Canadian and Upper Rio Grande Basin Lakes TMDL,NA,https://attains.epa.gov/attains-public/api/documents/actions/21NMEX/69015/221674,8/20/2024,NA,"PHOSPHORUS, TOTAL",,,,WET,1817.29,118400,,
21NMEX,New Mexico,State,69009,Bluewater Lake TMDL,S,TMDL,EPA Final Action,11/24/2021,21NMEX,NM-2107.B_00,"PHOSPHORUS, TOTAL",Nonpoint source,NA,NA,NA,NA,NA,11/24/2021,RESERVOIR,21NMEX,New Mexico,State,Bluewater Lake TMDL,S,TMDL,EPA Final Action,11/24/2021,21NMEX,S,TMDL Report,application/pdf,EPA Approved- Bluewater Lake TMDL_112421.pdf,EPA Approved Bluewater Lake TMDL,NA,https://attains.epa.gov/attains-public/api/documents/actions/21NMEX/69009/202756,11/24/2021,N,"PHOSPHORUS, TOTAL",,,,BATHTUB,617.83,134400,,
21NMEX,New Mexico,State,69009,Bluewater Lake TMDL,S,TMDL,EPA Final Action,11/24/2021,21NMEX,NM-2107.B_00,"PHOSPHORUS, TOTAL",Nonpoint source,NA,NA,NA,NA,NA,11/24/2021,RESERVOIR,21NMEX,New Mexico,State,Bluewater Lake TMDL,S,TMDL,EPA Final Action,11/24/2021,21NMEX,S,TMDL Report,application/pdf,EPA Approved- Bluewater Lake TMDL_112421.pdf,EPA Approved Bluewater Lake TMDL,NA,https://attains.epa.gov/attains-public/api/documents/actions/21NMEX/69009/202756,11/24/2021,N,NITROGEN,,,,BATHTUB,617.83,134400,,
21NMEX,New Mexico,State,69009,Bluewater Lake TMDL,S,TMDL,EPA Final Action,11/24/2021,21NMEX,NM-2107.B_00,"NITROGEN, TOTAL",Nonpoint source,NA,NA,NA,NA,NA,11/24/2021,RESERVOIR,21NMEX,New Mexico,State,Bluewater Lake TMDL,S,TMDL,EPA Final Action,11/24/2021,21NMEX,S,TMDL Report,application/pdf,EPA Approved- Bluewater Lake TMDL_112421.pdf,EPA Approved Bluewater Lake TMDL,NA,https://attains.epa.gov/attains-public/api/documents/actions/21NMEX/69009/202756,11/24/2021,N,"PHOSPHORUS, TOTAL",,,,BATHTUB,617.83,134400,,
21NMEX,New Mexico,State,69009,Bluewater Lake TMDL,S,TMDL,EPA Final Action,11/24/2021,21NMEX,NM-2107.B_00,"NITROGEN, TOTAL",Nonpoint source,NA,NA,NA,NA,NA,11/24/2021,RESERVOIR,21NMEX,New Mexico,State,Bluewater Lake TMDL,S,TMDL,EPA Final Action,11/24/2021,21NMEX,S,TMDL Report,application/pdf,EPA Approved- Bluewater Lake TMDL_112421.pdf,EPA Approved Bluewater Lake TMDL,NA,https://attains.epa.gov/attains-public/api/documents/actions/21NMEX/69009/202756,11/24/2021,N,NITROGEN,,,,BATHTUB,617.83,134400,,
21GAEPD,Georgia Environmental Protection Division,State,GAR4_22_45_06,Ocmulgee River Basin Bacteria,S,TMDL,EPA Final Action,4/12/2023,21GAEPD,GAR030701030904,ESCHERICHIA COLI (E. COLI),Both,NA,NA,NA,NA,NA,5/12/2023,"LAKE, FRESHWATER",21GAEPD,Georgia Environmental Protection Division,State,Ocmulgee River Basin Bacteria,S,TMDL,EPA Final Action,4/12/2023,21GAEPD,S,TMDL Report,application/pdf,EPD_Final_Ocmulgee_Bacteria_TMDL_April_2023-2.pdf,Final Ocmulgee Bacteria TMDL,NA,https://attains.epa.gov/attains-public/api/documents/actions/21GAEPD/GAR4_22_45_06/216351,5/12/2023,NA,FECAL COLIFORM,,LDC,,,650,,,
21GAEPD,Georgia Environmental Protection Division,State,GAR4_22_14_15,Bacteria Indicator Supplement Coosa River Basin 2004 Fecal Coliform TMDL,E,TMDL,EPA Final Action,1/31/2023,21GAEPD,GAR031501040910,ESCHERICHIA COLI (E. COLI),Both,NA,NA,NA,NA,NA,5/11/2023,"LAKE, FRESHWATER",21GAEPD,Georgia Environmental Protection Division,State,Bacteria Indicator Supplement Coosa River Basin 2004 Fecal Coliform TMDL,E,TMDL,EPA Final Action,1/31/2023,21GAEPD,S,TMDL Report,application/pdf,EPD_Final_Coosa_Fecal_TMDL.pdf,Final Coosa Fecal TMDL,NA,https://attains.epa.gov/attains-public/api/documents/actions/21GAEPD/GAR4_22_14_15/219935,5/11/2023,NA,FECAL COLIFORM,,LDC,,,,,,
21GAEPD,Georgia Environmental Protection Division,State,GAR4_22_14_15,Bacteria Indicator Supplement Coosa River Basin 2004 Fecal Coliform TMDL,E,TMDL,EPA Final Action,1/31/2023,21GAEPD,GAR031501040809,ESCHERICHIA COLI (E. COLI),Both,NA,NA,NA,NA,NA,5/11/2023,"LAKE, FRESHWATER",21GAEPD,Georgia Environmental Protection Division,State,Bacteria Indicator Supplement Coosa River Basin 2004 Fecal Coliform TMDL,E,TMDL,EPA Final Action,1/31/2023,21GAEPD,S,TMDL Report,application/pdf,EPD_Final_Coosa_Fecal_TMDL.pdf,Final Coosa Fecal TMDL,NA,https://attains.epa.gov/attains-public/api/documents/actions/21GAEPD/GAR4_22_14_15/219935,5/11/2023,NA,FECAL COLIFORM,,LDC,,,,,,
TDECWR,Tennessee,State,TN05130202_2022_ecoli,TMDL for E. coli in the Cheatham Lake Watershed (HUC 05130202),S,TMDL,EPA Final Action,5/3/2022,TDECWR,TN05130202001_3000,ESCHERICHIA COLI (E. COLI),Both,NA,NA,NA,NA,NA,5/31/2022,LAKE/RESERVOIR/POND,TDECWR,Tennessee,State,TMDL for E. coli in the Cheatham Lake Watershed (HUC 05130202),S,TMDL,EPA Final Action,5/3/2022,TDECWR,S,TMDL Report,application/pdf,Cheatham ecoli TMDL Report.pdf,Cheatham ecoli TMDL Report,NA,https://attains.epa.gov/attains-public/api/documents/actions/TDECWR/TN05130202_2022_ecoli/207360,5/31/2022,NA,ESCHERICHIA COLI (E. COLI),,LDC,,,994,,,
TDECWR,Tennessee,State,TN06020002_2023_ecoli,TMDL for E. coli in the Hiwassee River Watershed (HUC 06020002),E,TMDL,EPA Final Action,3/20/2023,TDECWR,TN06020002008_1000,ESCHERICHIA COLI (E. COLI),Both,NA,NA,NA,NA,NA,4/4/2023,LAKE/RESERVOIR/POND,TDECWR,Tennessee,State,TMDL for E. coli in the Hiwassee River Watershed (HUC 06020002),E,TMDL,EPA Final Action,3/20/2023,TDECWR,S,TMDL Report,application/pdf,2023-03-20-tn-tmdl-hiwassee-river-ecoli-proposed-final-submittal.pdf,TMDL for E. coli in the Hiwassee River Watershed (HUC06020002),NA,https://attains.epa.gov/attains-public/api/documents/actions/TDECWR/TN06020002_2023_ecoli/211712,4/4/2023,NA,ESCHERICHIA COLI (E. COLI),,LDC,,,1050,,,
